date,confirmed,tests,deaths,recovered,active,confirmed_div_by_tests,deaths_div_by_confirmed,recovered_div_by_confirmed,confirmed_per_mil,tests_per_mil,deaths_per_mil,recovered_per_mil,active_per_mil
2020-02-11,,61.0,,,,,,,,1.03,,,
2020-02-13,,67.0,,,,,,,,1.13,,,
2020-02-14,,71.0,,,,,,,,1.2,,,
2020-02-19,,95.0,,,,,,,,1.6,,,
2020-02-20,,106.0,,,,,,,,1.79,,,
2020-02-24,,116.0,,,,,,,,1.96,,,
2020-02-26,,121.0,,,,,,,,2.04,,,
2020-03-02,,160.0,,,,,,,,2.7,,,
2020-03-03,,164.0,,,,,,,,2.77,,,
2020-03-05,1.0,,,,,,,,0.02,,,,
2020-03-06,,200.0,,,,,,,,3.38,,,
2020-03-07,2.0,241.0,,,,0.008,,,0.03,4.07,,,
2020-03-08,3.0,,,,,,,,0.05,,,,
2020-03-09,7.0,,,,,,,,0.12,,,,
2020-03-11,13.0,645.0,,,,0.02,,,0.22,10.9,,,
2020-03-12,16.0,848.0,,,,0.019,,,0.27,14.33,,,
2020-03-13,24.0,924.0,,,,0.026,,,0.41,15.61,,,
2020-03-14,38.0,1017.0,,,,0.037,,,0.64,17.18,,,
2020-03-15,51.0,1476.0,,,,0.035,,,0.86,24.93,,,
2020-03-16,62.0,2405.0,,,62.0,0.026,,,1.05,40.63,,,1.05
2020-03-17,85.0,2911.0,,,85.0,0.029,,,1.44,49.18,,,1.44
2020-03-18,116.0,3070.0,,,116.0,0.038,,,1.96,51.86,,,1.96
2020-03-19,150.0,4832.0,,,150.0,0.031,,,2.53,81.63,,,2.53
2020-03-20,202.0,6438.0,,,202.0,0.031,,,3.41,108.76,,,3.41
2020-03-21,240.0,7425.0,,,240.0,0.032,,,4.05,125.43,,,4.05
2020-03-22,274.0,9315.0,,,274.0,0.029,,,4.63,157.36,,,4.63
2020-03-23,402.0,12815.0,,,402.0,0.031,,,6.79,216.49,,,6.79
2020-03-24,554.0,15529.0,,,554.0,0.036,,,9.36,262.33,,,9.36
2020-03-25,709.0,15529.0,,,709.0,0.046,,,11.98,262.33,,,11.98
2020-03-26,927.0,20471.0,,,927.0,0.045,,,15.66,345.82,,,15.66
2020-03-27,1170.0,28537.0,1.0,,1169.0,0.041,0.001,,19.76,482.08,0.02,,19.75
2020-03-28,1187.0,31963.0,2.0,,1185.0,0.037,0.002,,20.05,539.95,0.03,,20.02
2020-03-29,1280.0,35593.0,,,1278.0,0.036,,,21.62,601.28,,,21.59
2020-03-30,1326.0,38409.0,3.0,,1323.0,0.035,0.002,,22.4,648.85,0.05,,22.35
2020-03-31,1353.0,41072.0,5.0,,1348.0,0.033,0.004,,22.86,693.83,0.08,,22.77
2020-04-01,1380.0,44292.0,,,1375.0,0.031,,,23.31,748.23,,,23.23
2020-04-02,1462.0,47965.0,,,1457.0,0.03,,,24.7,810.28,,,24.61
2020-04-03,1505.0,50361.0,9.0,,1496.0,0.03,0.006,,25.42,850.75,0.15,,25.27
2020-04-04,1585.0,53937.0,,,1576.0,0.029,,,26.78,911.16,,,26.62
2020-04-05,1655.0,56873.0,11.0,,1644.0,0.029,0.007,,27.96,960.76,0.19,,27.77
2020-04-06,1686.0,58098.0,12.0,,1674.0,0.029,0.007,,28.48,981.46,0.2,,28.28
2020-04-07,1749.0,58098.0,13.0,,1736.0,0.03,0.007,,29.55,981.46,0.22,,29.33
2020-04-08,1845.0,63776.0,18.0,,1827.0,0.029,0.01,,31.17,1077.38,0.3,,30.86
2020-04-09,1934.0,68874.0,18.0,,1916.0,0.028,0.009,,32.67,1163.5,0.3,,32.37
2020-04-10,2003.0,73028.0,24.0,,1979.0,0.027,0.012,,33.84,1233.67,0.41,,33.43
2020-04-11,2028.0,75053.0,25.0,,2003.0,0.027,0.012,,34.26,1267.88,0.42,,33.84
2020-04-12,2173.0,80085.0,25.0,,2148.0,0.027,0.012,,36.71,1352.88,0.42,,36.29
2020-04-13,2272.0,83663.0,27.0,,2245.0,0.027,0.012,,38.38,1413.33,0.46,,37.93
2020-04-14,2415.0,87022.0,27.0,,2388.0,0.028,0.011,,40.8,1470.07,0.46,,40.34
2020-04-15,2506.0,90515.0,34.0,,2472.0,0.028,0.014,,42.33,1529.08,0.57,,41.76
2020-04-16,2605.0,95060.0,48.0,,2557.0,0.027,0.018,,44.01,1605.86,0.81,,43.2
2020-04-17,2783.0,100827.0,50.0,903.0,1830.0,0.028,0.018,0.324,47.01,1703.28,0.84,15.25,30.91
2020-04-18,3034.0,108201.0,52.0,903.0,2079.0,0.028,0.017,0.298,51.25,1827.85,0.88,15.25,35.12
2020-04-19,3158.0,114711.0,54.0,903.0,2201.0,0.028,0.017,0.286,53.35,1937.83,0.91,15.25,37.18
2020-04-20,3300.0,121510.0,58.0,1055.0,2187.0,0.027,0.018,0.32,55.75,2052.68,0.98,17.82,36.95
2020-04-21,3465.0,126937.0,58.0,1055.0,2352.0,0.027,0.017,0.304,58.53,2144.36,0.98,17.82,39.73
2020-04-22,3635.0,133774.0,65.0,1055.0,2515.0,0.027,0.018,0.29,61.41,2259.86,1.1,17.82,42.49
2020-04-23,3953.0,143570.0,75.0,1473.0,2405.0,0.028,0.019,0.373,66.78,2425.34,1.27,24.88,40.63
2020-04-24,4220.0,152390.0,79.0,1473.0,2668.0,0.028,0.019,0.349,71.29,2574.34,1.33,24.88,45.07
2020-04-25,4361.0,161004.0,86.0,1473.0,2802.0,0.027,0.02,0.338,73.67,2719.86,1.45,24.88,47.33
2020-04-26,4546.0,168643.0,87.0,1473.0,2986.0,0.027,0.019,0.324,76.8,2848.91,1.47,24.88,50.44
2020-04-27,4793.0,178470.0,90.0,1473.0,3230.0,0.027,0.019,0.307,80.97,3014.91,1.52,24.88,54.56
2020-04-28,4996.0,185497.0,93.0,1473.0,3430.0,0.027,0.019,0.295,84.4,3133.62,1.57,24.88,57.94
2020-04-29,5350.0,197127.0,103.0,,3774.0,0.027,0.019,,90.38,3330.09,1.74,,63.75
2020-04-30,5647.0,207530.0,103.0,,4071.0,0.027,0.018,,95.4,3505.83,1.74,,68.77
2020-05-01,5951.0,217522.0,116.0,,4362.0,0.027,0.019,,100.53,3674.62,1.96,,73.69
2020-05-02,6336.0,230686.0,123.0,2549.0,3664.0,0.027,0.019,0.402,107.03,3897.0,2.08,43.06,61.9
2020-05-03,6783.0,245747.0,131.0,2549.0,4103.0,0.028,0.019,0.376,114.59,4151.43,2.21,43.06,69.31
2020-05-04,7220.0,257541.0,138.0,2746.0,4336.0,0.028,0.019,0.38,121.97,4350.67,2.33,46.39,73.25
2020-05-05,7572.0,268064.0,148.0,2746.0,4678.0,0.028,0.02,0.363,127.91,4528.44,2.5,46.39,79.03
2020-05-06,7808.0,279379.0,153.0,3153.0,4502.0,0.028,0.02,0.404,131.9,4719.58,2.58,53.26,76.05
2020-05-07,8232.0,292153.0,161.0,3153.0,4918.0,0.028,0.02,0.383,139.06,4935.37,2.72,53.26,83.08
2020-05-08,8895.0,307752.0,178.0,3153.0,5564.0,0.029,0.02,0.354,150.26,5198.89,3.01,53.26,93.99
2020-05-09,9420.0,324079.0,186.0,,6081.0,0.029,0.02,,159.13,5474.7,3.14,,102.73
2020-05-10,10015.0,341336.0,194.0,4173.0,5648.0,0.029,0.019,0.417,169.18,5766.23,3.28,70.49,95.41
2020-05-11,10652.0,356067.0,206.0,,6273.0,0.03,0.019,,179.95,6015.08,3.48,,105.97
2020-05-12,11350.0,369697.0,206.0,,6971.0,0.031,0.018,,191.74,6245.33,3.48,,117.76
2020-05-13,12074.0,386352.0,219.0,4745.0,7110.0,0.031,0.018,0.393,203.97,6526.69,3.7,80.16,120.11
2020-05-14,12739.0,403018.0,238.0,5676.0,6825.0,0.032,0.019,0.446,215.2,6808.23,4.02,95.89,115.3
2020-05-15,13524.0,421555.0,247.0,6083.0,7194.0,0.032,0.018,0.45,228.46,7121.38,4.17,102.76,121.53
2020-05-16,14355.0,439559.0,261.0,6478.0,7616.0,0.033,0.018,0.451,242.5,7425.52,4.41,109.43,128.66
2020-05-17,15515.0,460873.0,264.0,7006.0,8245.0,0.034,0.017,0.452,262.1,7785.58,4.46,118.35,139.28
2020-05-18,16433.0,475071.0,286.0,7298.0,8849.0,0.035,0.017,0.444,277.6,8025.43,4.83,123.29,149.49
2020-05-19,17200.0,488609.0,312.0,7960.0,8928.0,0.035,0.018,0.463,290.56,8254.13,5.27,134.47,150.82
2020-05-20,18003.0,505861.0,339.0,8950.0,8714.0,0.036,0.019,0.497,304.13,8545.57,5.73,151.19,147.21
2020-05-21,19137.0,525433.0,369.0,8950.0,9818.0,0.036,0.019,0.468,323.28,8876.2,6.23,151.19,165.86
2020-05-22,20125.0,543032.0,397.0,10104.0,9624.0,0.037,0.02,0.502,339.97,9173.5,6.71,170.69,162.58
2020-05-23,21343.0,564370.0,407.0,10104.0,10832.0,0.038,0.019,0.473,360.55,9533.97,6.88,170.69,182.99
2020-05-24,22583.0,583855.0,429.0,11100.0,11054.0,0.039,0.019,0.492,381.5,9863.13,7.25,187.51,186.74
2020-05-25,23615.0,596777.0,481.0,11917.0,11217.0,0.04,0.02,0.505,398.93,10081.42,8.13,201.32,189.49
2020-05-26,24264.0,605991.0,524.0,12741.0,10999.0,0.04,0.022,0.525,409.89,10237.07,8.85,215.24,185.81
2020-05-27,25937.0,634996.0,552.0,13451.0,11934.0,0.041,0.021,0.519,438.16,10727.06,9.32,227.23,201.6
2020-05-28,27403.0,655723.0,577.0,14370.0,12456.0,0.042,0.021,0.524,462.92,11077.2,9.75,242.75,210.42
2020-05-29,29240.0,680175.0,611.0,15093.0,13536.0,0.043,0.021,0.516,493.95,11490.27,10.32,254.97,228.67
2020-05-30,30967.0,701883.0,643.0,16116.0,14208.0,0.044,0.021,0.52,523.13,11856.99,10.86,272.25,240.02
2020-05-31,32683.0,725125.0,683.0,16809.0,15191.0,0.045,0.021,0.514,552.12,12249.62,11.54,283.96,256.62
2020-06-01,34357.0,742742.0,705.0,17291.0,16361.0,0.046,0.021,0.503,580.4,12547.22,11.91,292.1,276.39
2020-06-02,35812.0,761534.0,755.0,18313.0,16744.0,0.047,0.021,0.511,604.98,12864.68,12.75,309.36,282.86
2020-06-03,37525.0,785979.0,792.0,19682.0,17051.0,0.048,0.021,0.525,633.91,13277.63,13.38,332.49,288.04
2020-06-04,40792.0,820675.0,848.0,21311.0,18633.0,0.05,0.021,0.522,689.1,13863.76,14.33,360.01,314.77
2020-06-05,43434.0,850871.0,908.0,23088.0,19438.0,0.051,0.021,0.532,733.74,14373.86,15.34,390.03,328.37
2020-06-06,45973.0,891668.0,952.0,24258.0,20763.0,0.052,0.021,0.528,776.63,15063.05,16.08,409.79,350.75
2020-06-07,48285.0,920064.0,998.0,24364.0,22923.0,0.052,0.021,0.505,815.68,15542.75,16.86,411.58,387.24
2020-06-08,50879.0,943059.0,1080.0,26099.0,23700.0,0.054,0.021,0.513,859.5,15931.2,18.24,440.89,400.37
2020-06-09,52991.0,968070.0,1162.0,29006.0,22823.0,0.055,0.022,0.547,895.18,16353.72,19.63,490.0,385.55
2020-06-10,55421.0,998400.0,1210.0,31505.0,22706.0,0.056,0.022,0.568,936.23,16866.08,20.44,532.22,383.58
2020-06-11,58568.0,1028399.0,1284.0,31505.0,25779.0,0.057,0.022,0.538,989.4,17372.86,21.69,532.22,435.49
2020-06-12,61927.0,1060425.0,1354.0,35008.0,25565.0,0.058,0.022,0.565,1046.14,17913.88,22.87,591.39,431.87
2020-06-13,65736.0,1087887.0,1423.0,36850.0,27463.0,0.06,0.022,0.561,1110.49,18377.8,24.04,622.51,463.94
2020-06-14,70038.0,1121958.0,1480.0,38531.0,30027.0,0.062,0.021,0.55,1183.16,18953.36,25.0,650.91,507.25
2020-06-15,73533.0,1148933.0,1568.0,39867.0,32098.0,0.064,0.021,0.542,1242.2,19409.06,26.49,673.48,542.24
2020-06-16,76334.0,1172513.0,1625.0,42063.0,32646.0,0.065,0.021,0.551,1289.52,19807.39,27.45,710.58,551.49
2020-06-17,80412.0,1207360.0,1674.0,44331.0,34407.0,0.067,0.021,0.551,1358.41,20396.07,28.28,748.89,581.24
2020-06-18,83890.0,1228098.0,1737.0,44920.0,37233.0,0.068,0.021,0.535,1417.16,20746.4,29.34,758.84,628.98
2020-06-19,87715.0,1260434.0,1831.0,47825.0,38059.0,0.07,0.021,0.545,1481.78,21292.65,30.93,807.91,642.93
2020-06-20,92681.0,1293608.0,1877.0,50326.0,40478.0,0.072,0.02,0.543,1565.67,21853.07,31.71,850.16,683.8
2020-06-21,97302.0,1328060.0,1930.0,51608.0,43764.0,0.073,0.02,0.53,1643.73,22435.07,32.6,871.82,739.31
2020-06-22,101590.0,1353176.0,1991.0,53444.0,46155.0,0.075,0.02,0.526,1716.17,22859.36,33.63,902.84,779.7
2020-06-23,106108.0,1382772.0,2101.0,55045.0,48962.0,0.077,0.02,0.519,1792.49,23359.32,35.49,929.88,827.12
2020-06-24,111796.0,1416894.0,2205.0,56874.0,52717.0,0.079,0.02,0.509,1888.58,23935.75,37.25,960.78,890.55
2020-06-25,118375.0,1460012.0,2292.0,59974.0,56109.0,0.081,0.019,0.507,1999.72,24664.15,38.72,1013.15,947.86
2020-06-26,124590.0,1493104.0,2340.0,64111.0,58139.0,0.083,0.019,0.515,2104.71,25223.17,39.53,1083.03,982.15
2020-06-27,131800.0,1529009.0,2413.0,67094.0,62293.0,0.086,0.018,0.509,2226.51,25829.72,40.76,1133.43,1052.32
2020-06-28,138134.0,1567084.0,2456.0,68925.0,66753.0,0.088,0.018,0.499,2333.51,26472.93,41.49,1164.36,1127.67
2020-06-29,144264.0,1596995.0,2529.0,70614.0,71121.0,0.09,0.018,0.489,2437.07,26978.22,42.72,1192.89,1201.46
2020-06-30,151209.0,1630008.0,2657.0,73543.0,75009.0,0.093,0.018,0.486,2554.39,27535.91,44.89,1242.37,1267.14
2020-07-01,159333.0,1666939.0,2749.0,76025.0,80559.0,0.096,0.017,0.477,2691.63,28159.79,46.44,1284.3,1360.89
2020-07-02,168061.0,1706127.0,2844.0,81999.0,83218.0,0.099,0.017,0.488,2839.07,28821.8,48.04,1385.22,1405.81
2020-07-03,177124.0,1745153.0,2952.0,86298.0,87874.0,0.101,0.017,0.487,2992.18,29481.07,49.87,1457.84,1484.47
2020-07-04,187977.0,1792078.0,3026.0,91227.0,93724.0,0.105,0.016,0.485,3175.52,30273.78,51.12,1541.11,1583.29
2020-07-05,196750.0,1830161.0,3199.0,93315.0,100236.0,0.108,0.016,0.474,3323.72,30917.12,54.04,1576.38,1693.3
2020-07-06,205721.0,1864111.0,3310.0,97848.0,104563.0,0.11,0.016,0.476,3475.27,31490.64,55.92,1652.96,1766.39
2020-07-07,215855.0,1907532.0,3502.0,102299.0,110054.0,0.113,0.016,0.474,3646.46,32224.15,59.16,1728.15,1859.15
2020-07-08,224665.0,1944399.0,3602.0,106842.0,114221.0,0.116,0.016,0.476,3795.29,32846.95,60.85,1804.89,1929.55
2020-07-09,238339.0,2000569.0,3720.0,113061.0,121558.0,0.119,0.016,0.474,4026.29,33795.84,62.84,1909.95,2053.49
2020-07-10,250687.0,2057232.0,3860.0,118232.0,128595.0,0.122,0.015,0.472,4234.88,34753.05,65.21,1997.31,2172.37
2020-07-11,264184.0,2108570.0,3971.0,127715.0,132498.0,0.125,0.015,0.483,4462.89,35620.31,67.08,2157.5,2238.3
2020-07-12,276242.0,2154391.0,4079.0,134874.0,137289.0,0.128,0.015,0.488,4666.59,36394.37,68.91,2278.44,2319.24
2020-07-13,287796.0,2194624.0,4172.0,138241.0,145383.0,0.131,0.014,0.48,4861.77,37074.03,70.48,2335.32,2455.97
2020-07-14,298292.0,2232738.0,4346.0,146279.0,147667.0,0.134,0.015,0.49,5039.08,37717.9,73.42,2471.11,2494.56
2020-07-15,311049.0,2278127.0,4453.0,160693.0,145903.0,0.137,0.014,0.517,5254.59,38484.66,75.23,2714.61,2464.76
2020-07-16,324221.0,2324923.0,4669.0,165591.0,153961.0,0.139,0.014,0.511,5477.1,39275.19,78.87,2797.35,2600.88
2020-07-17,337594.0,2373053.0,4804.0,178183.0,154607.0,0.142,0.014,0.528,5703.01,40088.25,81.15,3010.07,2611.79
2020-07-18,350879.0,2422741.0,4948.0,182230.0,163701.0,0.145,0.014,0.519,5927.44,40927.64,83.59,3078.43,2765.42
2020-07-19,364328.0,2471747.0,5033.0,191059.0,168236.0,0.147,0.014,0.524,6154.63,41755.5,85.02,3227.58,2842.03
2020-07-20,373628.0,2505646.0,5173.0,194865.0,173590.0,0.149,0.014,0.522,6311.74,42328.16,87.39,3291.88,2932.48
2020-07-21,381798.0,2536921.0,5368.0,208144.0,168286.0,0.15,0.014,0.545,6449.76,42856.49,90.68,3516.2,2842.87
2020-07-22,394948.0,2585474.0,5940.0,229175.0,159833.0,0.153,0.015,0.58,6671.9,43676.71,100.35,3871.48,2700.08
2020-07-23,408052.0,2632106.0,6093.0,236260.0,165699.0,0.155,0.015,0.579,6893.27,44464.46,102.93,3991.17,2799.17
2020-07-24,421996.0,2684488.0,6343.0,245771.0,169882.0,0.157,0.015,0.582,7128.83,45349.36,107.15,4151.84,2869.84
2020-07-25,434200.0,2730812.0,6655.0,263054.0,164491.0,0.159,0.015,0.606,7334.99,46131.92,112.42,4443.8,2778.77
2020-07-26,445433.0,2773778.0,6769.0,265077.0,173587.0,0.161,0.015,0.595,7524.75,46857.75,114.35,4477.98,2932.42
2020-07-27,452529.0,2802211.0,7067.0,274925.0,170537.0,0.161,0.016,0.608,7644.62,47338.07,119.38,4644.34,2880.9
2020-07-28,459761.0,2830635.0,7257.0,287313.0,165191.0,0.162,0.016,0.625,7766.79,47818.24,122.59,4853.61,2790.59
2020-07-29,471123.0,2873163.0,7497.0,297967.0,165659.0,0.164,0.016,0.632,7958.73,48536.67,126.65,5033.59,2798.5
2020-07-30,482169.0,2918049.0,7812.0,309601.0,164756.0,0.165,0.016,0.642,8145.34,49294.93,131.97,5230.12,2783.24
2020-07-31,493183.0,2959535.0,8005.0,326171.0,159007.0,0.167,0.016,0.661,8331.4,49995.76,135.23,5510.04,2686.12
2020-08-01,503290.0,3001985.0,8153.0,342461.0,152676.0,0.168,0.016,0.68,8502.13,50712.87,137.73,5785.23,2579.17
2020-08-02,511485.0,3036779.0,8366.0,347227.0,155892.0,0.168,0.016,0.679,8640.57,51300.65,141.33,5865.75,2633.5
2020-08-03,516862.0,3058695.0,8539.0,358037.0,150286.0,0.169,0.017,0.693,8731.41,51670.88,144.25,6048.36,2538.8
2020-08-04,521318.0,3078202.0,8884.0,363751.0,148683.0,0.169,0.017,0.698,8806.68,52000.41,150.08,6144.89,2511.72
2020-08-05,529877.0,3113191.0,9298.0,377266.0,143313.0,0.17,0.018,0.712,8951.27,52591.49,157.07,6373.2,2421.0
2020-08-06,538184.0,3149807.0,9604.0,387316.0,141264.0,0.171,0.018,0.72,9091.6,53210.05,162.24,6542.97,2386.39
2020-08-07,545476.0,3183658.0,9909.0,394759.0,140808.0,0.171,0.018,0.724,9214.79,53781.9,167.39,6668.71,2378.69
2020-08-08,553188.0,3220265.0,10210.0,404568.0,138410.0,0.172,0.018,0.731,9345.07,54400.3,172.48,6834.41,2338.18
2020-08-09,559858.0,3250583.0,10408.0,411147.0,138303.0,0.172,0.019,0.734,9457.74,54912.47,175.82,6945.55,2336.37
2020-08-10,563598.0,3267494.0,10621.0,417200.0,135777.0,0.172,0.019,0.74,9520.92,55198.15,179.42,7047.81,2293.7
2020-08-11,566109.0,3278977.0,10751.0,426125.0,129233.0,0.173,0.019,0.753,9563.34,55392.13,181.62,7198.58,2183.15
2020-08-12,568919.0,3295434.0,11010.0,432029.0,125880.0,0.173,0.019,0.759,9610.81,55670.14,185.99,7298.31,2126.51
2020-08-13,572865.0,3315497.0,11270.0,437617.0,123978.0,0.173,0.02,0.764,9677.47,56009.07,190.39,7392.71,2094.37
2020-08-14,579140.0,3351111.0,11556.0,461734.0,105850.0,0.173,0.02,0.797,9783.48,56610.7,195.22,7800.12,1788.14
2020-08-15,583653.0,3378029.0,11677.0,466941.0,105035.0,0.173,0.02,0.8,9859.72,57065.43,197.26,7888.09,1774.37
2020-08-16,587345.0,3400638.0,11839.0,472377.0,103129.0,0.173,0.02,0.804,9922.09,57447.36,200.0,7979.92,1742.17
2020-08-17,589886.0,3415670.0,11982.0,477671.0,100233.0,0.173,0.02,0.81,9965.01,57701.3,202.41,8069.35,1693.25
2020-08-18,592144.0,3430347.0,12264.0,485468.0,94412.0,0.173,0.021,0.82,10003.16,57949.24,207.18,8201.07,1594.91
2020-08-19,596060.0,3455671.0,12423.0,491441.0,92196.0,0.172,0.021,0.824,10069.31,58377.04,209.86,8301.97,1557.48
2020-08-20,599940.0,3480283.0,12618.0,497169.0,90153.0,0.172,0.021,0.829,10134.85,58792.81,213.16,8398.73,1522.96
2020-08-21,603338.0,3504507.0,12843.0,500102.0,90393.0,0.172,0.021,0.829,10192.26,59202.03,216.96,8448.28,1527.02
2020-08-22,607045.0,3535067.0,12987.0,504127.0,89931.0,0.172,0.021,0.83,10254.88,59718.29,219.39,8516.27,1519.21
2020-08-23,609773.0,3553425.0,13059.0,506470.0,90244.0,0.172,0.021,0.831,10300.96,60028.41,220.61,8555.86,1524.5
2020-08-24,611450.0,3564065.0,13159.0,516484.0,81807.0,0.172,0.022,0.845,10329.29,60208.15,222.3,8725.02,1381.97
2020-08-25,613017.0,3578836.0,13308.0,520381.0,79328.0,0.171,0.022,0.849,10355.77,60457.68,224.81,8790.86,1340.1
2020-08-26,615701.0,3598973.0,13502.0,525242.0,76957.0,0.171,0.022,0.853,10401.11,60797.86,228.09,8872.97,1300.04
2020-08-27,618286.0,3617982.0,13628.0,531338.0,73320.0,0.171,0.022,0.859,10444.78,61118.98,230.22,8975.95,1238.6
2020-08-28,620123.0,3632311.0,13743.0,533935.0,72445.0,0.171,0.022,0.861,10475.81,61361.04,232.16,9019.82,1223.82
2020-08-29,622551.0,3652970.0,13981.0,536694.0,71876.0,0.17,0.022,0.862,10516.82,61710.04,236.18,9066.43,1214.21
2020-08-30,625056.0,3674872.0,14028.0,538604.0,72424.0,0.17,0.022,0.862,10559.14,62080.03,236.98,9098.7,1223.47
2020-08-31,627041.0,3693721.0,14149.0,540923.0,71969.0,0.17,0.023,0.863,10592.67,62398.45,239.02,9137.87,1215.78
2020-09-01,628259.0,3705408.0,14263.0,549993.0,64003.0,0.17,0.023,0.875,10613.25,62595.88,240.95,9291.09,1081.21
2020-09-02,630595.0,3726721.0,14389.0,553456.0,62750.0,0.169,0.023,0.878,10652.71,62955.92,243.08,9349.59,1060.04
2020-09-03,633015.0,3747101.0,14563.0,554887.0,63565.0,0.169,0.023,0.877,10693.59,63300.2,246.01,9373.77,1073.81
2020-09-04,635078.0,3765700.0,14678.0,557818.0,62582.0,0.169,0.023,0.878,10728.44,63614.4,247.96,9423.28,1057.2
2020-09-05,636884.0,3783823.0,14779.0,561204.0,60901.0,0.168,0.023,0.881,10758.95,63920.55,249.66,9480.48,1028.81
2020-09-06,638517.0,3800190.0,14889.0,563891.0,59737.0,0.168,0.023,0.883,10786.54,64197.04,251.52,9525.87,1009.14
2020-09-07,639362.0,3808949.0,15004.0,566555.0,57803.0,0.168,0.023,0.886,10800.81,64345.01,253.46,9570.88,976.47
2020-09-08,640441.0,3821162.0,15086.0,567729.0,57626.0,0.168,0.024,0.886,10819.04,64551.32,254.85,9590.71,973.48
2020-09-09,642431.0,3842898.0,15168.0,569935.0,57328.0,0.167,0.024,0.887,10852.66,64918.51,256.23,9627.98,968.45
2020-09-10,644438.0,3863453.0,15265.0,573003.0,56170.0,0.167,0.024,0.889,10886.56,65265.75,257.87,9679.8,948.89
2020-09-11,646398.0,3884166.0,15378.0,574587.0,56433.0,0.166,0.024,0.889,10919.67,65615.66,259.78,9706.56,953.33
2020-09-12,648214.0,3902786.0,15427.0,576423.0,56364.0,0.166,0.024,0.889,10950.35,65930.21,260.61,9737.58,952.16
2020-09-13,649793.0,3918478.0,15447.0,577906.0,56440.0,0.166,0.024,0.889,10977.03,66195.29,260.95,9762.63,953.45
2020-09-14,650749.0,3928614.0,15499.0,579289.0,55961.0,0.166,0.024,0.89,10993.18,66366.52,261.83,9785.99,945.36
2020-09-15,651521.0,3940217.0,15641.0,583126.0,52754.0,0.165,0.024,0.895,11006.22,66562.53,264.23,9850.81,891.18
2020-09-16,653444.0,3961179.0,15705.0,584195.0,53544.0,0.165,0.024,0.894,11038.7,66916.65,265.31,9868.87,904.52
2020-09-17,655572.0,3983533.0,15772.0,585303.0,54497.0,0.165,0.024,0.893,11074.65,67294.27,266.44,9887.59,920.62
2020-09-18,657627.0,4003590.0,15857.0,586844.0,54926.0,0.164,0.024,0.892,11109.37,67633.1,267.87,9913.62,927.87
2020-09-19,659656.0,4024659.0,15940.0,589434.0,54282.0,0.164,0.024,0.894,11143.64,67989.02,269.28,9957.38,916.99
2020-09-20,661211.0,4041543.0,15953.0,590071.0,55187.0,0.164,0.024,0.892,11169.91,68274.24,269.5,9968.14,932.28
2020-09-21,661936.0,4047723.0,15992.0,591208.0,54736.0,0.164,0.024,0.893,11182.16,68378.64,270.15,9987.34,924.66
2020-09-22,663282.0,4064117.0,16118.0,592904.0,54260.0,0.163,0.024,0.894,11204.9,68655.59,272.28,10015.99,916.62
2020-09-23,665188.0,4083757.0,16206.0,594229.0,54753.0,0.163,0.024,0.893,11237.1,68987.37,273.77,10038.38,924.95
2020-09-24,667049.0,4102162.0,16283.0,595916.0,54850.0,0.163,0.024,0.893,11268.53,69298.29,275.07,10066.88,926.59
2020-09-25,668529.0,4117079.0,16312.0,599149.0,53068.0,0.162,0.024,0.896,11293.54,69550.28,275.56,10121.49,896.48
2020-09-26,669498.0,4128438.0,16376.0,601818.0,51304.0,0.162,0.024,0.899,11309.91,69742.17,276.64,10166.58,866.68
2020-09-27,670766.0,4143466.0,16398.0,603721.0,50647.0,0.162,0.024,0.9,11331.33,69996.04,277.01,10198.73,855.59
2020-09-28,671669.0,4152480.0,16586.0,604478.0,50605.0,0.162,0.025,0.9,11346.58,70148.31,280.19,10211.52,854.88
2020-09-29,672572.0,4164491.0,16667.0,606520.0,49385.0,0.162,0.025,0.902,11361.83,70351.22,281.56,10246.01,834.27
2020-09-30,674339.0,4187917.0,16734.0,608112.0,49493.0,0.161,0.025,0.902,11391.69,70746.96,282.69,10272.9,836.09
2020-10-01,676084.0,4209049.0,16866.0,609854.0,49364.0,0.161,0.025,0.902,11421.16,71103.94,284.92,10302.33,833.91
2020-10-02,677833.0,4229709.0,16909.0,611044.0,49880.0,0.16,0.025,0.901,11450.71,71452.95,285.65,10322.44,842.63
2020-10-03,679716.0,4251513.0,16938.0,612763.0,50015.0,0.16,0.025,0.901,11482.52,71821.29,286.14,10351.47,844.91
2020-10-04,681289.0,4269626.0,16976.0,614781.0,49532.0,0.16,0.025,0.902,11509.09,72127.28,286.78,10385.57,836.75
2020-10-05,682215.0,4280340.0,17016.0,615684.0,49515.0,0.159,0.025,0.902,11524.74,72308.27,287.45,10400.82,836.46
2020-10-06,683242.0,4294931.0,17103.0,616857.0,49282.0,0.159,0.025,0.903,11542.08,72554.76,288.92,10420.64,832.53
2020-10-07,685155.0,4318514.0,17248.0,618127.0,49780.0,0.159,0.025,0.902,11574.4,72953.15,291.37,10442.09,840.94
2020-10-08,686891.0,4339686.0,17408.0,618771.0,50712.0,0.158,0.025,0.901,11603.73,73310.81,294.08,10452.97,856.68
2020-10-09,688532.0,4360105.0,17547.0,620081.0,50904.0,0.158,0.025,0.901,11631.45,73655.75,296.42,10475.1,859.93
2020-10-10,690896.0,4388171.0,17673.0,622153.0,51070.0,0.157,0.026,0.901,11671.38,74129.87,298.55,10510.1,862.73
2020-10-11,692471.0,4407441.0,17780.0,623765.0,50926.0,0.157,0.026,0.901,11697.99,74455.4,300.36,10537.33,860.3
2020-10-12,693359.0,4418418.0,17863.0,624659.0,50837.0,0.157,0.026,0.901,11712.99,74640.84,301.76,10552.44,858.8
2020-10-13,694537.0,4433952.0,18028.0,625574.0,50935.0,0.157,0.026,0.901,11732.89,74903.25,304.55,10567.89,860.45
2020-10-14,696414.0,4458745.0,18151.0,626898.0,51365.0,0.156,0.026,0.9,11764.6,75322.08,306.63,10590.26,867.71
2020-10-15,698184.0,4481354.0,18309.0,628301.0,51574.0,0.156,0.026,0.9,11794.5,75704.02,309.3,10613.96,871.25
2020-10-16,700203.0,4505533.0,18370.0,629260.0,52573.0,0.155,0.026,0.899,11828.61,76112.48,310.33,10630.16,888.12
2020-10-17,702131.0,4528141.0,18408.0,630436.0,53287.0,0.155,0.026,0.898,11861.18,76494.4,310.97,10650.03,900.18
2020-10-18,703793.0,4549478.0,18471.0,634543.0,50779.0,0.155,0.026,0.902,11889.25,76854.85,312.03,10719.41,857.82
2020-10-19,705254.0,4565980.0,18492.0,635257.0,51505.0,0.154,0.026,0.901,11913.94,77133.62,312.39,10731.47,870.08
2020-10-20,706304.0,4581346.0,18656.0,639568.0,48080.0,0.154,0.026,0.906,11931.67,77393.2,315.16,10804.29,812.22
2020-10-21,708359.0,4607883.0,18741.0,641706.0,47912.0,0.154,0.026,0.906,11966.39,77841.49,316.59,10840.41,809.38
2020-10-22,710515.0,4633671.0,18843.0,642560.0,49112.0,0.153,0.027,0.904,12002.81,78277.13,318.32,10854.84,829.65
2020-10-23,712412.0,4657116.0,18891.0,643523.0,49998.0,0.153,0.027,0.903,12034.86,78673.19,319.13,10871.11,844.62
2020-10-24,714246.0,4677942.0,18944.0,644641.0,50661.0,0.153,0.027,0.903,12065.84,79025.0,320.02,10889.99,855.82
2020-10-25,715868.0,4697939.0,18968.0,646170.0,50730.0,0.152,0.026,0.903,12093.24,79362.82,320.43,10915.82,856.99
2020-10-26,716759.0,4709403.0,19008.0,646721.0,51030.0,0.152,0.027,0.902,12108.29,79556.48,321.1,10925.13,862.06
2020-10-27,717851.0,4726875.0,19053.0,647833.0,50965.0,0.152,0.027,0.902,12126.74,79851.63,321.86,10943.92,860.96
2020-10-28,719714.0,4752596.0,19111.0,648654.0,51949.0,0.151,0.027,0.901,12158.21,80286.14,322.84,10957.79,877.58
2020-10-29,721770.0,4777609.0,19164.0,649935.0,52671.0,0.151,0.027,0.9,12192.94,80708.69,323.74,10979.43,889.78
2020-10-30,723682.0,4800823.0,19230.0,653052.0,51400.0,0.151,0.027,0.902,12225.24,81100.85,324.85,11032.08,868.31
2020-10-31,725452.0,4822973.0,19276.0,654182.0,51994.0,0.15,0.027,0.902,12255.14,81475.03,325.63,11051.17,878.34
2020-11-01,726823.0,4842516.0,19411.0,655330.0,52082.0,0.15,0.027,0.902,12278.3,81805.17,327.91,11070.56,879.83
2020-11-02,727595.0,4852918.0,19465.0,657500.0,50630.0,0.15,0.027,0.904,12291.34,81980.89,328.82,11107.22,855.3
2020-11-03,728836.0,4868610.0,19539.0,659249.0,50048.0,0.15,0.027,0.905,12312.31,82245.98,330.07,11136.77,845.47
2020-11-04,730548.0,4893683.0,19585.0,660185.0,50778.0,0.149,0.027,0.904,12341.23,82669.54,330.85,11152.58,857.8
2020-11-05,732414.0,4917625.0,19677.0,671579.0,41158.0,0.149,0.027,0.917,12372.75,83074.0,332.41,11345.06,695.29
2020-11-06,734175.0,4940719.0,19749.0,675593.0,38833.0,0.149,0.027,0.92,12402.5,83464.13,333.62,11412.87,656.01
2020-11-07,735906.0,4963174.0,19789.0,678738.0,37379.0,0.148,0.027,0.922,12431.74,83843.46,334.3,11466.0,631.45
2020-11-08,737278.0,4980440.0,19809.0,679688.0,37781.0,0.148,0.027,0.922,12454.92,84135.14,334.64,11482.05,638.24
2020-11-09,738525.0,4993081.0,19845.0,680726.0,37954.0,0.148,0.027,0.922,12475.99,84348.68,335.24,11499.58,641.16
2020-11-10,740254.0,5010350.0,19951.0,683194.0,37109.0,0.148,0.027,0.923,12505.19,84640.41,337.03,11541.27,626.89
2020-11-11,742394.0,5037782.0,20011.0,686458.0,35925.0,0.147,0.027,0.925,12541.35,85103.82,338.05,11596.41,606.89
2020-11-12,744732.0,5063457.0,20076.0,690903.0,33753.0,0.147,0.027,0.928,12580.84,85537.55,339.15,11671.5,570.19
2020-11-13,746945.0,5086887.0,20153.0,692177.0,34615.0,0.147,0.027,0.927,12618.23,85933.36,340.45,11693.02,584.76
2020-11-14,749182.0,5110384.0,20206.0,693261.0,35715.0,0.147,0.027,0.925,12656.02,86330.3,341.34,11711.34,603.34
2020-11-15,751024.0,5130192.0,20241.0,693467.0,37316.0,0.146,0.027,0.923,12687.13,86664.91,341.93,11714.82,630.38
2020-11-16,752269.0,5142947.0,20314.0,695496.0,36459.0,0.146,0.027,0.925,12708.17,86880.39,343.17,11749.09,615.91
2020-11-17,754256.0,5160877.0,20433.0,696820.0,37003.0,0.146,0.027,0.924,12741.73,87183.28,345.18,11771.46,625.1
2020-11-18,757144.0,5189580.0,20556.0,701534.0,35054.0,0.146,0.027,0.927,12790.52,87668.16,347.25,11851.09,592.17
2020-11-19,759658.0,5214036.0,20671.0,702544.0,36443.0,0.146,0.027,0.925,12832.99,88081.3,349.2,11868.16,615.64
2020-11-20,762763.0,5243055.0,20759.0,707040.0,34964.0,0.145,0.027,0.927,12885.44,88571.52,350.68,11944.11,590.65
2020-11-21,765409.0,5269062.0,20845.0,707784.0,36780.0,0.145,0.027,0.925,12930.14,89010.86,352.14,11956.68,621.33
2020-11-22,767679.0,5290966.0,20903.0,710099.0,36677.0,0.145,0.027,0.925,12968.49,89380.89,353.12,11995.78,619.59
2020-11-23,769759.0,5305343.0,20968.0,711195.0,37596.0,0.145,0.027,0.924,13003.63,89623.76,354.21,12014.3,635.11
2020-11-24,772252.0,5325631.0,21083.0,716444.0,34725.0,0.145,0.027,0.928,13045.74,89966.49,356.16,12102.97,586.61
2020-11-25,775502.0,5355068.0,21201.0,716444.0,37857.0,0.145,0.027,0.924,13100.64,90463.77,358.15,12102.97,639.52
2020-11-26,778571.0,5383078.0,21289.0,716444.0,40838.0,0.145,0.027,0.92,13152.49,90936.95,359.64,12102.97,689.88
2020-11-27,781941.0,,21378.0,722876.0,37687.0,,0.027,0.924,13209.42,,361.14,12211.63,636.65
2020-11-28,785139.0,,21439.0,723347.0,40353.0,,0.027,0.921,13263.44,,362.17,12219.58,681.69
2020-11-29,787702.0,,21477.0,730633.0,35592.0,,0.027,0.928,13306.74,,362.81,12342.67,601.26
2020-11-30,790004.0,,21535.0,731242.0,37227.0,,0.027,0.926,13345.63,,363.79,12352.95,628.88
2020-12-01,792299.0,,21644.0,732531.0,38124.0,,0.027,0.925,13384.4,,365.63,12374.73,644.03
2020-12-02,796472.0,,21709.0,734305.0,40458.0,,0.027,0.922,13454.89,,366.73,12404.7,683.46
2020-12-03,800872.0,5500669.0,21803.0,739367.0,39702.0,0.146,0.027,0.923,13529.22,92923.42,368.32,12490.21,670.69
2020-12-04,805804.0,5534084.0,21963.0,740450.0,43391.0,0.146,0.027,0.919,13612.54,93487.91,371.02,12508.51,733.01
2020-12-05,810449.0,5565928.0,22067.0,744298.0,44084.0,0.146,0.027,0.918,13691.01,94025.85,372.78,12573.51,744.72
2020-12-06,814565.0,5592663.0,22206.0,744780.0,47579.0,0.146,0.027,0.914,13760.54,94477.49,375.13,12581.65,803.76
2020-12-07,817878.0,5611915.0,22249.0,745750.0,49879.0,0.146,0.027,0.912,13816.51,94802.72,375.85,12598.04,842.61
2020-12-08,821889.0,5640042.0,22432.0,753072.0,46385.0,0.146,0.027,0.916,13884.26,95277.87,378.95,12721.73,783.59
2020-12-09,828598.0,5690263.0,22574.0,754658.0,51366.0,0.146,0.027,0.911,13997.6,96126.26,381.35,12748.52,867.73
2020-12-10,836764.0,5735470.0,22747.0,756671.0,57346.0,0.146,0.027,0.904,14135.55,96889.94,384.27,12782.53,968.75
2020-12-11,845083.0,5779544.0,22952.0,758373.0,63758.0,0.146,0.027,0.897,14276.08,97634.49,387.73,12811.28,1077.07
2020-12-12,852965.0,5819755.0,23106.0,760118.0,69741.0,0.147,0.027,0.891,14409.23,98313.78,390.33,12840.76,1178.14
2020-12-13,860964.0,5859178.0,23276.0,761011.0,76677.0,0.147,0.027,0.884,14544.36,98979.76,393.2,12855.84,1295.31
2020-12-14,866127.0,5884227.0,23451.0,762746.0,79930.0,0.147,0.027,0.881,14631.58,99402.91,396.16,12885.15,1350.27
2020-12-15,873679.0,5920574.0,23661.0,764977.0,85041.0,0.148,0.027,0.876,14759.16,100016.93,399.71,12922.84,1436.61
2020-12-16,883687.0,5968692.0,23827.0,774585.0,85275.0,0.148,0.027,0.877,14928.22,100829.79,402.51,13085.15,1440.56
2020-12-17,892813.0,6011235.0,24011.0,780313.0,88489.0,0.149,0.027,0.874,15082.39,101548.47,405.62,13181.92,1494.85
2020-12-18,901538.0,6051986.0,24285.0,783818.0,93435.0,0.149,0.027,0.869,15229.78,102236.88,410.25,13241.13,1578.41
2020-12-19,912477.0,6100373.0,24539.0,787782.0,100156.0,0.15,0.027,0.863,15414.58,103054.29,414.54,13308.09,1691.95
2020-12-20,921922.0,6140839.0,24691.0,793914.0,103317.0,0.15,0.027,0.861,15574.13,103737.89,417.11,13411.68,1745.35
2020-12-21,930711.0,6176683.0,24907.0,796346.0,109458.0,0.151,0.027,0.856,15722.61,104343.41,420.76,13452.76,1849.09
2020-12-22,940212.0,6215728.0,25246.0,808241.0,106725.0,0.151,0.027,0.86,15883.11,105003.0,426.48,13653.71,1802.92
2020-12-23,954258.0,6269776.0,25657.0,811372.0,117229.0,0.152,0.027,0.85,16120.39,105916.04,433.43,13706.6,1980.36
2020-12-24,968563.0,6325784.0,25983.0,822978.0,119602.0,0.153,0.027,0.85,16362.04,106862.19,438.93,13902.66,2020.45
2020-12-25,983359.0,6378007.0,26276.0,830251.0,126832.0,0.154,0.027,0.844,16611.99,107744.39,443.88,14025.52,2142.59
2020-12-26,994911.0,6415824.0,26521.0,839194.0,129196.0,0.155,0.027,0.843,16807.14,108383.24,448.02,14176.6,2182.52
2020-12-27,1004413.0,6445318.0,26735.0,844874.0,132804.0,0.156,0.027,0.841,16967.66,108881.49,451.64,14272.55,2243.47
2020-12-28,1011871.0,6469025.0,27071.0,849947.0,134853.0,0.156,0.027,0.84,17093.65,109281.97,457.31,14358.25,2278.09
2020-12-29,1021451.0,6500482.0,27568.0,858456.0,135427.0,0.157,0.027,0.84,17255.49,109813.38,465.71,14501.99,2287.78
2020-12-30,1039161.0,6553761.0,28033.0,867597.0,143531.0,0.159,0.027,0.835,17554.66,110713.43,473.56,14656.41,2424.69
2020-12-31,1057161.0,6609208.0,28469.0,879671.0,149021.0,0.16,0.027,0.832,17858.74,111650.1,480.93,14860.38,2517.43
2021-01-01,1073887.0,6659318.0,28887.0,887701.0,157299.0,0.161,0.027,0.827,18141.29,112496.61,487.99,14996.03,2657.27
2021-01-02,1088889.0,6706231.0,29175.0,897704.0,162010.0,0.162,0.027,0.824,18394.73,113289.12,492.86,15165.02,2736.85
2021-01-03,1100748.0,6742853.0,29577.0,903679.0,167492.0,0.163,0.027,0.821,18595.06,113907.78,499.65,15265.95,2829.46
2021-01-04,1113349.0,6780272.0,30011.0,911573.0,171765.0,0.164,0.027,0.819,18807.93,114539.9,506.98,15399.31,2901.65
2021-01-05,1127759.0,6828147.0,30524.0,920879.0,176356.0,0.165,0.027,0.817,19051.36,115348.66,515.65,15556.51,2979.2
2021-01-06,1149591.0,6898207.0,31368.0,929239.0,188984.0,0.167,0.027,0.808,19420.17,116532.19,529.9,15697.74,3192.53
2021-01-07,1170590.0,6967478.0,31809.0,938216.0,200565.0,0.168,0.027,0.801,19774.91,117702.39,537.35,15849.39,3388.17
2021-01-08,1192570.0,7043680.0,32425.0,947919.0,212226.0,0.169,0.027,0.795,20146.22,118989.68,547.76,16013.3,3585.16
2021-01-09,1214176.0,7120847.0,32824.0,956712.0,224640.0,0.171,0.027,0.788,20511.21,120293.27,554.5,16161.84,3794.87
2021-01-10,1231597.0,7183893.0,33163.0,966368.0,232066.0,0.171,0.027,0.785,20805.51,121358.32,560.23,16324.96,3920.32
2021-01-11,1246643.0,7236389.0,33579.0,973265.0,239799.0,0.172,0.027,0.781,21059.68,122245.14,567.25,16441.48,4050.95
2021-01-12,1259748.0,7287060.0,34334.0,1019123.0,206291.0,0.173,0.027,0.809,21281.07,123101.13,580.01,17216.16,3484.9
2021-01-13,1278303.0,7358741.0,35140.0,1030930.0,212233.0,0.174,0.027,0.806,21594.52,124312.04,593.62,17415.62,3585.28
2021-01-14,1296806.0,7433571.0,35852.0,1049740.0,211214.0,0.174,0.028,0.809,21907.09,125576.16,605.65,17733.38,3568.06
2021-01-15,1311686.0,7498780.0,36467.0,1062690.0,212529.0,0.175,0.028,0.81,22158.46,126677.74,616.04,17952.14,3590.28
2021-01-16,1325659.0,7558774.0,36851.0,1083978.0,204830.0,0.175,0.028,0.818,22394.51,127691.22,622.53,18311.76,3460.22
2021-01-17,1337926.0,7613470.0,37105.0,1098441.0,202380.0,0.176,0.028,0.821,22601.74,128615.21,626.82,18556.09,3418.83
2021-01-18,1346936.0,7653371.0,37449.0,1117452.0,192035.0,0.176,0.028,0.83,22753.94,129289.26,632.63,18877.24,3244.07
2021-01-19,1356716.0,7700019.0,38288.0,1144857.0,173571.0,0.176,0.028,0.844,22919.16,130077.29,646.8,19340.2,2932.15
2021-01-20,1369426.0,7762073.0,38854.0,1160412.0,170160.0,0.176,0.028,0.847,23133.87,131125.58,656.37,19602.97,2874.53
2021-01-22,1392568.0,7882864.0,40076.0,1201284.0,151208.0,0.177,0.029,0.863,23524.81,133166.11,677.01,20293.43,2554.37
2021-01-23,1404839.0,7947007.0,40574.0,1217492.0,146773.0,0.177,0.029,0.867,23732.1,134249.69,685.42,20567.23,2479.45
2021-01-24,1412986.0,7993126.0,40874.0,1230520.0,141592.0,0.177,0.029,0.871,23869.73,135028.78,690.49,20787.31,2391.93
2021-01-25,1417537.0,8019239.0,41117.0,1241421.0,134999.0,0.177,0.029,0.876,23946.61,135469.91,694.59,20971.47,2280.55
2021-01-26,1423578.0,8058768.0,41797.0,1254674.0,127107.0,0.177,0.029,0.881,24048.66,136137.68,706.08,21195.35,2147.23
2021-01-27,1430648.0,8107833.0,42550.0,1263476.0,124622.0,0.176,0.03,0.883,24168.1,136966.54,718.8,21344.04,2105.25
2021-01-28,1437798.0,8156239.0,43105.0,1272197.0,122496.0,0.176,0.03,0.885,24288.88,137784.27,728.18,21491.37,2069.34
2021-01-29,1443939.0,8203584.0,43633.0,1284781.0,115525.0,0.176,0.03,0.89,24392.63,138584.07,737.1,21703.95,1951.58
2021-01-30,1449236.0,8245124.0,43951.0,1292921.0,112364.0,0.176,0.03,0.892,24482.11,139285.81,742.47,21841.46,1898.18
2021-01-31,1453761.0,8279200.0,44164.0,1299620.0,109977.0,0.176,0.03,0.894,24558.55,139861.46,746.07,21954.63,1857.85
2021-02-01,1456309.0,8300749.0,44399.0,1306022.0,105888.0,0.175,0.03,0.897,24601.59,140225.49,750.04,22062.78,1788.78
2021-02-02,1458958.0,8329691.0,44946.0,1318504.0,95508.0,0.175,0.031,0.904,24646.34,140714.41,759.28,22273.64,1613.43
2021-02-03,1463016.0,8369287.0,45344.0,1323680.0,93992.0,0.175,0.031,0.905,24714.89,141383.31,766.0,22361.08,1587.82
2021-02-04,1466767.0,8400319.0,45605.0,1327186.0,93976.0,0.175,0.031,0.905,24778.26,141907.54,770.41,22420.3,1587.55
2021-02-05,1470516.0,8436569.0,45902.0,1335618.0,88996.0,0.174,0.031,0.908,24841.59,142519.92,775.43,22562.75,1503.42
2021-02-06,1473700.0,8469756.0,46180.0,1340497.0,87023.0,0.174,0.031,0.91,24895.38,143080.55,780.12,22645.17,1470.09
2021-02-07,1476135.0,8495811.0,46290.0,1360204.0,69641.0,0.174,0.031,0.921,24936.52,143520.7,781.98,22978.08,1176.45
2021-02-08,1477511.0,8511410.0,46473.0,1363947.0,67091.0,0.174,0.031,0.923,24959.76,143784.21,785.07,23041.31,1133.38
2021-02-09,1479253.0,8538269.0,46869.0,1367247.0,65137.0,0.173,0.032,0.924,24989.19,144237.94,791.76,23097.06,1100.37
2021-02-10,1482412.0,8573464.0,47145.0,1374368.0,60899.0,0.173,0.032,0.927,25042.55,144832.5,796.43,23217.35,1028.77
2021-02-11,1484900.0,8605729.0,47382.0,1377980.0,59538.0,0.173,0.032,0.928,25084.58,145377.55,800.43,23278.37,1005.78
2021-02-12,1487681.0,8641447.0,47670.0,1383626.0,56385.0,0.172,0.032,0.93,25131.56,145980.94,805.29,23373.75,952.52
2021-02-13,1490063.0,8672596.0,47821.0,1385996.0,56246.0,0.172,0.032,0.93,25171.8,146507.15,807.85,23413.79,950.17
2021-02-14,1491807.0,8697066.0,47899.0,1388321.0,55587.0,0.172,0.032,0.931,25201.26,146920.52,809.16,23453.06,939.04
2021-02-15,1492909.0,8712844.0,48094.0,1391155.0,53660.0,0.171,0.032,0.932,25219.88,147187.06,812.46,23500.94,906.48
2021-02-16,1494119.0,8737330.0,48313.0,1396951.0,48855.0,0.171,0.032,0.935,25240.32,147600.7,816.16,23598.85,825.31
2021-02-17,1496439.0,8772743.0,48478.0,1399829.0,48132.0,0.171,0.032,0.935,25279.51,148198.94,818.94,23647.47,813.1
2021-02-18,1498766.0,8807299.0,48708.0,1403214.0,46844.0,0.17,0.032,0.936,25318.82,148782.7,822.83,23704.65,791.34
2021-02-19,1500677.0,8838937.0,48859.0,1406907.0,44911.0,0.17,0.033,0.938,25351.11,149317.16,825.38,23767.04,758.69
2021-02-20,1502367.0,8867659.0,48940.0,1409553.0,43874.0,0.169,0.033,0.938,25379.66,149802.37,826.75,23811.74,741.17
2021-02-21,1503796.0,8892515.0,49053.0,1412015.0,42728.0,0.169,0.033,0.939,25403.8,150222.26,828.66,23853.33,721.81
2021-02-22,1504588.0,8907857.0,49150.0,1413566.0,41872.0,0.169,0.033,0.94,25417.18,150481.44,830.3,23879.53,707.35
2021-02-23,1505586.0,8932950.0,49413.0,1419459.0,36714.0,0.169,0.033,0.943,25434.03,150905.34,834.74,23979.08,620.21
2021-02-24,1507448.0,8967460.0,49523.0,1422622.0,35303.0,0.168,0.033,0.944,25465.49,151488.32,836.6,24032.51,596.38
2021-02-25,1509124.0,8999322.0,49667.0,1424401.0,35056.0,0.168,0.033,0.944,25493.8,152026.57,839.03,24062.57,592.2
2021-02-26,1510778.0,9028074.0,49784.0,1426417.0,34577.0,0.167,0.033,0.944,25521.74,152512.28,841.01,24096.62,584.11
2021-02-27,1512225.0,9054643.0,49941.0,1429047.0,33237.0,0.167,0.033,0.945,25546.19,152961.11,843.66,24141.05,561.48
2021-02-28,1513393.0,9077479.0,49993.0,1430259.0,33141.0,0.167,0.033,0.945,25565.92,153346.88,844.54,24161.53,559.85
2021-03-01,1513959.0,9090273.0,50077.0,1431336.0,32546.0,0.167,0.033,0.945,25575.48,153563.01,845.96,24179.72,549.8
2021-03-02,1514815.0,9114026.0,50271.0,1433320.0,31224.0,0.166,0.033,0.946,25589.94,153964.27,849.23,24213.24,527.47
2021-03-03,1516262.0,9147524.0,50366.0,1434772.0,31124.0,0.166,0.033,0.946,25614.39,154530.16,850.84,24237.77,525.78
2021-03-04,1517666.0,9178323.0,50462.0,1436010.0,31194.0,0.165,0.033,0.946,25638.1,155050.45,852.46,24258.68,526.96
2021-03-05,1518979.0,9207347.0,50566.0,1437050.0,31363.0,0.165,0.033,0.946,25660.28,155540.76,854.22,24276.25,529.82
2021-03-06,1520206.0,9236503.0,50647.0,1439515.0,30044.0,0.165,0.033,0.947,25681.01,156033.29,855.59,24317.89,507.54
2021-03-07,1521068.0,9255492.0,50678.0,1440874.0,29516.0,0.164,0.033,0.947,25695.57,156354.07,856.11,24340.85,498.62
2021-03-08,1521706.0,9269122.0,50803.0,1442045.0,28858.0,0.164,0.033,0.948,25706.35,156584.33,858.22,24360.63,487.5
2021-03-09,1522697.0,9299884.0,50906.0,1444282.0,27509.0,0.164,0.033,0.949,25723.09,157103.99,859.96,24398.42,464.71
2021-03-10,1524174.0,9336101.0,51015.0,1445979.0,27180.0,0.163,0.033,0.949,25748.04,157715.81,861.8,24427.09,459.15
2021-03-11,1525648.0,9369594.0,51110.0,1447503.0,27035.0,0.163,0.034,0.949,25772.94,158281.61,863.41,24452.83,456.71
2021-03-12,1526873.0,9393727.0,51179.0,1449654.0,26040.0,0.163,0.034,0.949,25793.64,158689.29,864.57,24489.17,439.9
2021-03-13,1528414.0,9426589.0,51261.0,1452988.0,24165.0,0.162,0.034,0.951,25819.67,159244.44,865.96,24545.49,408.22
2021-03-14,1529420.0,9450492.0,51326.0,1454290.0,23804.0,0.162,0.034,0.951,25836.67,159648.23,867.06,24567.49,402.12
2021-03-15,1530033.0,9465515.0,51421.0,1455325.0,23287.0,0.162,0.034,0.951,25847.02,159902.02,868.66,24584.97,393.39
2021-03-16,1530966.0,9490435.0,51560.0,1458001.0,21405.0,0.161,0.034,0.952,25862.78,160322.99,871.01,24630.18,361.6
2021-03-17,1532497.0,9524854.0,51634.0,1459056.0,21807.0,0.161,0.034,0.952,25888.65,160904.44,872.26,24648.0,368.39
2021-03-18,1533961.0,9556404.0,51724.0,1459894.0,22343.0,0.161,0.034,0.952,25913.38,161437.41,873.78,24662.15,377.44
2021-03-19,1535423.0,9584923.0,52035.0,1461196.0,22192.0,0.16,0.034,0.952,25938.07,161919.19,879.03,24684.15,374.89
2021-03-20,1536801.0,9611262.0,52082.0,1462110.0,22609.0,0.16,0.034,0.951,25961.35,162364.14,879.83,24699.59,381.94
2021-03-21,1537852.0,9635287.0,52111.0,1463089.0,22652.0,0.16,0.034,0.951,25979.11,162769.99,880.32,24716.13,382.66
2021-03-22,1538451.0,9649219.0,52196.0,1463953.0,22302.0,0.159,0.034,0.952,25989.23,163005.35,881.75,24730.72,376.75
2021-03-23,1538961.0,9665664.0,52251.0,1465204.0,21506.0,0.159,0.034,0.952,25997.84,163283.16,882.68,24751.86,363.3
2021-03-24,1540009.0,9690819.0,52372.0,1466595.0,21042.0,0.159,0.034,0.952,26015.55,163708.1,884.73,24775.36,355.46
2021-03-25,1541563.0,9722821.0,52535.0,1467254.0,21774.0,0.159,0.034,0.952,26041.8,164248.72,887.48,24786.49,367.83
2021-03-26,1543079.0,9752061.0,52602.0,1469565.0,20912.0,0.158,0.034,0.952,26067.41,164742.67,888.61,24825.53,353.27
2021-03-27,1544466.0,9779615.0,52648.0,1471164.0,20654.0,0.158,0.034,0.953,26090.84,165208.14,889.39,24852.54,348.91
2021-03-28,1545431.0,9803871.0,52663.0,1471899.0,20869.0,0.158,0.034,0.952,26107.14,165617.9,889.64,24864.96,352.54
2021-03-29,1545979.0,9819994.0,52710.0,1472645.0,20624.0,0.157,0.034,0.953,26116.4,165890.27,890.44,24877.56,348.4
2021-03-30,1546735.0,9844835.0,52788.0,1473588.0,20359.0,0.157,0.034,0.953,26129.17,166309.91,891.75,24893.49,343.93
2021-03-31,1548157.0,9879348.0,52846.0,1474319.0,20992.0,0.157,0.034,0.952,26153.19,166892.94,892.73,24905.84,354.62
2021-04-17,1565680.0,10305641.0,53711.0,1489457.0,22512.0,0.152,0.034,0.951,26449.21,174094.36,907.35,25161.57,380.3
2021-04-18,1566769.0,10337066.0,53736.0,1490143.0,22890.0,0.152,0.034,0.951,26467.61,174625.23,907.77,25173.15,386.68
2021-04-19,1567513.0,10355196.0,53757.0,1490876.0,22880.0,0.151,0.034,0.951,26480.17,174931.5,908.12,25185.54,386.51
2021-04-20,1568366.0,10379089.0,53887.0,1494630.0,19849.0,0.151,0.034,0.953,26494.58,175335.13,910.32,25248.95,335.31
2021-04-21,1569935.0,10413180.0,53940.0,1495864.0,20131.0,0.151,0.034,0.953,26521.09,175911.03,911.21,25269.8,340.08
2021-04-22,1571348.0,10447673.0,53995.0,1496756.0,20597.0,0.15,0.034,0.953,26544.96,176493.72,912.14,25284.87,347.95
2021-04-23,1572985.0,10481576.0,54066.0,1499110.0,19809.0,0.15,0.034,0.953,26572.61,177066.45,913.34,25324.63,334.64
2021-04-24,1574370.0,10508510.0,54125.0,1500360.0,19885.0,0.15,0.034,0.953,26596.01,177521.45,914.34,25345.75,335.92
2021-04-25,1575471.0,10530979.0,54148.0,1501185.0,20138.0,0.15,0.034,0.953,26614.61,177901.02,914.73,25359.69,340.19
2021-04-26,1576320.0,10545817.0,54186.0,1501880.0,20254.0,0.149,0.034,0.953,26628.95,178151.68,915.37,25371.43,342.15
2021-04-27,1577200.0,10567593.0,54237.0,1502986.0,19977.0,0.149,0.034,0.953,26643.82,178519.54,916.23,25390.11,337.47
2021-04-28,1578450.0,,,,21227.0,,,,26664.93,,,,358.59
2021-04-29,1579536.0,10625030.0,54331.0,1504426.0,20779.0,0.149,0.034,0.952,26683.28,179489.83,917.82,25414.44,351.02
2021-04-30,1581210.0,10654870.0,54350.0,1505620.0,21240.0,0.148,0.034,0.952,26711.56,179993.93,918.14,25434.61,358.81
2021-05-01,1582842.0,10682827.0,54406.0,1506732.0,21704.0,0.148,0.034,0.952,26739.13,180466.21,919.09,25453.39,366.65
2021-05-02,1584064.0,10699021.0,54417.0,1507778.0,21869.0,0.148,0.034,0.952,26759.77,180739.77,919.27,25471.06,369.44
2021-05-03,1584961.0,10715773.0,54452.0,1508558.0,21951.0,0.148,0.034,0.952,26774.93,181022.77,919.86,25484.24,370.82
2021-05-04,1586148.0,10739813.0,54511.0,1509656.0,21981.0,0.148,0.034,0.952,26794.98,181428.88,920.86,25502.79,371.33
