date,confirmed,confirmed_rol_avg_3,confirmed_rol_avg_7,tests,tests_rol_avg_3,tests_rol_avg_7,deaths,deaths_rol_avg_3,deaths_rol_avg_7,recovered,recovered_rol_avg_3,recovered_rol_avg_7,active,active_rol_avg_3,active_rol_avg_7
2020-02-11,,,,61.0,,,,,,,,,,,
2020-02-13,,,,6.0,,,,,,,,,,,
2020-02-14,,,,4.0,24.0,,,,,,,,,,
2020-02-19,,,,24.0,11.0,,,,,,,,,,
2020-02-20,,,,11.0,13.0,,,,,,,,,,
2020-02-24,,,,10.0,15.0,,,,,,,,,,
2020-02-26,,,,5.0,9.0,17.0,,,,,,,,,
2020-03-02,,,,39.0,18.0,14.0,,,,,,,,,
2020-03-03,,,,4.0,16.0,14.0,,,,,,,,,
2020-03-05,1.0,,,,,,,,,,,,,,
2020-03-06,,,,36.0,26.0,18.0,,,,,,,,,
2020-03-07,1.0,,,41.0,27.0,21.0,,,,,,,,,
2020-03-08,1.0,1.0,,,,,,,,,,,,,
2020-03-09,4.0,2.0,,,,,,,,,,,,,
2020-03-11,6.0,4.0,,404.0,160.0,77.0,,,,,,,,,
2020-03-12,3.0,4.0,,203.0,216.0,105.0,,,,,,,,,
2020-03-13,8.0,6.0,3.0,76.0,228.0,115.0,,,,,,,,,
2020-03-14,14.0,8.0,5.0,93.0,124.0,122.0,,,,,,,,,
2020-03-15,13.0,12.0,7.0,459.0,209.0,187.0,,,,,,,,,
2020-03-16,11.0,13.0,8.0,929.0,494.0,315.0,,,,,,,62.0,,
2020-03-17,23.0,16.0,11.0,506.0,631.0,381.0,,,,,,,23.0,,
2020-03-18,31.0,22.0,15.0,159.0,531.0,346.0,,,,,,,31.0,38.666666666666664,
2020-03-19,34.0,29.0,19.0,1762.0,809.0,569.0,,,,,,,34.0,29.333333333333332,
2020-03-20,52.0,39.0,25.0,1606.0,1176.0,788.0,,,,,,,52.0,39.0,
2020-03-21,38.0,41.0,29.0,987.0,1452.0,915.0,,,,,,,38.0,41.333333333333336,
2020-03-22,34.0,41.0,32.0,1890.0,1494.0,1120.0,,,,,,,34.0,41.333333333333336,39.142857142857146
2020-03-23,128.0,67.0,49.0,3500.0,2126.0,1487.0,,,,,,,128.0,66.66666666666667,48.57142857142857
2020-03-24,152.0,105.0,67.0,2714.0,2701.0,1803.0,,,,,,,152.0,104.66666666666667,67.0
2020-03-25,155.0,145.0,85.0,0.0,2071.0,1780.0,,,,,,,155.0,145.0,84.71428571428571
2020-03-26,218.0,175.0,111.0,4942.0,2552.0,2234.0,,,,,,,218.0,175.0,111.0
2020-03-27,243.0,205.0,138.0,8066.0,4336.0,3157.0,1.0,,,,,,242.0,205.0,138.14285714285714
2020-03-28,17.0,159.0,135.0,3426.0,5478.0,3505.0,1.0,,,,,,16.0,158.66666666666666,135.0
2020-03-29,93.0,118.0,144.0,3630.0,5041.0,3754.0,,,,,,,93.0,117.0,143.42857142857142
2020-03-30,46.0,52.0,132.0,2816.0,3291.0,3656.0,1.0,1.0,,,,,45.0,51.333333333333336,131.57142857142858
2020-03-31,27.0,55.0,114.0,2663.0,3036.0,3649.0,2.0,1.0,,,,,25.0,54.333333333333336,113.42857142857143
2020-04-01,27.0,33.0,96.0,3220.0,2900.0,4109.0,,,,,,,27.0,32.333333333333336,95.14285714285714
2020-04-02,82.0,45.0,76.0,3673.0,3185.0,3928.0,,,,,,,82.0,44.666666666666664,75.71428571428571
2020-04-03,43.0,51.0,48.0,2396.0,3096.0,3118.0,4.0,2.0,,,,,39.0,49.333333333333336,46.714285714285715
2020-04-04,80.0,68.0,57.0,3576.0,3215.0,3139.0,,,,,,,80.0,67.0,55.857142857142854
2020-04-05,70.0,64.0,54.0,2936.0,2969.0,3040.0,2.0,3.0,,,,,68.0,62.333333333333336,52.285714285714285
2020-04-06,31.0,60.0,51.0,1225.0,2579.0,2813.0,1.0,2.0,2.0,,,,30.0,59.333333333333336,50.142857142857146
2020-04-07,63.0,55.0,57.0,0.0,1387.0,2432.0,1.0,1.0,2.0,,,,62.0,53.333333333333336,55.42857142857143
2020-04-08,96.0,63.0,66.0,5678.0,2301.0,2783.0,5.0,2.0,2.0,,,,91.0,61.0,64.57142857142857
2020-04-09,89.0,83.0,67.0,5098.0,3592.0,2987.0,0.0,2.0,2.0,,,,89.0,80.66666666666667,65.57142857142857
2020-04-10,69.0,85.0,71.0,4154.0,4977.0,3238.0,6.0,4.0,3.0,,,,63.0,81.0,69.0
2020-04-11,25.0,61.0,63.0,2025.0,3759.0,3017.0,1.0,2.0,2.0,,,,24.0,58.666666666666664,61.0
2020-04-12,145.0,80.0,74.0,5032.0,3737.0,3316.0,0.0,2.0,2.0,,,,145.0,77.33333333333333,72.0
2020-04-13,99.0,90.0,84.0,3578.0,3545.0,3652.0,2.0,1.0,2.0,,,,97.0,88.66666666666667,81.57142857142857
2020-04-14,143.0,129.0,95.0,3359.0,3990.0,4132.0,0.0,1.0,2.0,,,,143.0,128.33333333333334,93.14285714285714
2020-04-15,91.0,111.0,94.0,3493.0,3477.0,3820.0,7.0,3.0,2.0,,,,84.0,108.0,92.14285714285714
2020-04-16,99.0,111.0,96.0,4545.0,3799.0,3741.0,14.0,7.0,4.0,,,,85.0,104.0,91.57142857142857
2020-04-17,178.0,123.0,111.0,5767.0,4602.0,3971.0,2.0,8.0,4.0,903.0,,,-727.0,-186.0,-21.285714285714285
2020-04-18,251.0,176.0,144.0,7374.0,5895.0,4735.0,2.0,6.0,4.0,0.0,,,249.0,-131.0,10.857142857142858
2020-04-19,124.0,184.0,141.0,6510.0,6550.0,4947.0,2.0,2.0,4.0,0.0,301.0,,122.0,-118.66666666666667,7.571428571428571
2020-04-20,142.0,172.0,147.0,6799.0,6894.0,5407.0,4.0,3.0,4.0,152.0,51.0,,-14.0,119.0,-8.285714285714286
2020-04-21,165.0,144.0,150.0,5427.0,6245.0,5702.0,0.0,2.0,4.0,0.0,51.0,,165.0,91.0,-5.142857142857143
2020-04-22,170.0,159.0,161.0,6837.0,6354.0,6180.0,7.0,4.0,4.0,0.0,51.0,,163.0,104.66666666666667,6.142857142857143
2020-04-23,318.0,218.0,193.0,9796.0,7353.0,6930.0,10.0,6.0,4.0,418.0,139.0,210.0,-110.0,72.66666666666667,-21.714285714285715
2020-04-24,267.0,252.0,205.0,8820.0,8484.0,7366.0,4.0,7.0,4.0,0.0,139.0,81.0,263.0,105.33333333333333,119.71428571428571
2020-04-25,141.0,242.0,190.0,8614.0,9077.0,7543.0,7.0,7.0,5.0,0.0,139.0,81.0,134.0,95.66666666666667,103.28571428571429
2020-04-26,185.0,198.0,198.0,7639.0,8358.0,7705.0,1.0,4.0,5.0,0.0,0.0,81.0,184.0,193.66666666666666,112.14285714285714
2020-04-27,247.0,191.0,213.0,9827.0,8693.0,8137.0,3.0,4.0,5.0,0.0,0.0,60.0,244.0,187.33333333333334,149.0
2020-04-28,203.0,212.0,219.0,7027.0,8164.0,8366.0,3.0,2.0,5.0,0.0,0.0,60.0,200.0,209.33333333333334,154.0
2020-04-29,354.0,268.0,245.0,11630.0,9495.0,9050.0,10.0,5.0,5.0,,,,344.0,262.6666666666667,179.85714285714286
2020-04-30,297.0,285.0,242.0,10403.0,9687.0,9137.0,0.0,4.0,4.0,,,,297.0,280.3333333333333,238.0
2020-05-01,304.0,318.0,247.0,9992.0,10675.0,9305.0,13.0,8.0,5.0,,,,291.0,310.6666666666667,242.0
2020-05-02,385.0,329.0,282.0,13164.0,11186.0,9955.0,7.0,7.0,5.0,1076.0,359.0,213.0,-698.0,-36.666666666666664,123.14285714285714
2020-05-03,447.0,379.0,320.0,15061.0,12739.0,11015.0,8.0,9.0,6.0,0.0,359.0,154.0,439.0,10.666666666666666,159.57142857142858
2020-05-04,437.0,423.0,347.0,11794.0,13340.0,11296.0,7.0,7.0,7.0,197.0,424.0,182.0,233.0,-8.666666666666666,158.0
2020-05-05,352.0,412.0,368.0,10523.0,12459.0,11795.0,10.0,8.0,8.0,0.0,66.0,182.0,342.0,338.0,178.28571428571428
2020-05-06,236.0,342.0,351.0,11315.0,11211.0,11750.0,5.0,7.0,7.0,407.0,201.0,240.0,-176.0,133.0,104.0
2020-05-07,424.0,337.0,369.0,12774.0,11537.0,12089.0,8.0,8.0,8.0,0.0,136.0,240.0,416.0,194.0,121.0
2020-05-08,663.0,441.0,421.0,15599.0,13229.0,12890.0,17.0,10.0,9.0,0.0,136.0,240.0,646.0,295.3333333333333,171.71428571428572
2020-05-09,525.0,537.0,441.0,16327.0,14900.0,13342.0,8.0,11.0,9.0,,,,517.0,526.3333333333334,345.2857142857143
2020-05-10,595.0,594.0,462.0,17257.0,16394.0,13656.0,8.0,11.0,9.0,1020.0,340.0,232.0,-433.0,243.33333333333334,220.71428571428572
2020-05-11,637.0,586.0,490.0,14731.0,16105.0,14075.0,12.0,9.0,10.0,,,,625.0,236.33333333333334,276.7142857142857
2020-05-12,698.0,643.0,540.0,13630.0,15206.0,14519.0,0.0,7.0,8.0,,,,698.0,296.6666666666667,327.57142857142856
2020-05-13,724.0,686.0,609.0,16655.0,15005.0,15282.0,13.0,8.0,9.0,572.0,531.0,314.0,139.0,487.3333333333333,372.57142857142856
2020-05-14,665.0,696.0,644.0,16666.0,15650.0,15838.0,19.0,11.0,11.0,931.0,841.0,419.0,-285.0,184.0,272.42857142857144
2020-05-15,785.0,725.0,661.0,18537.0,17286.0,16258.0,9.0,14.0,10.0,407.0,637.0,477.0,369.0,74.33333333333333,232.85714285714286
2020-05-16,831.0,760.0,705.0,18004.0,17736.0,16497.0,14.0,14.0,11.0,395.0,578.0,475.0,422.0,168.66666666666666,219.28571428571428
2020-05-17,1160.0,925.0,786.0,21314.0,19285.0,17077.0,3.0,9.0,10.0,528.0,443.0,550.0,629.0,473.3333333333333,371.0
2020-05-18,918.0,970.0,826.0,14198.0,17839.0,17001.0,22.0,13.0,11.0,292.0,405.0,592.0,604.0,551.6666666666666,368.0
2020-05-19,767.0,948.0,836.0,13538.0,16350.0,16987.0,26.0,17.0,15.0,662.0,494.0,541.0,79.0,437.3333333333333,279.57142857142856
2020-05-20,803.0,829.0,847.0,17252.0,14996.0,17073.0,27.0,25.0,17.0,990.0,648.0,601.0,-214.0,156.33333333333334,229.14285714285714
2020-05-21,1134.0,901.0,914.0,19572.0,16787.0,17488.0,30.0,28.0,19.0,0.0,551.0,468.0,1104.0,323.0,427.57142857142856
2020-05-22,988.0,975.0,943.0,17599.0,18141.0,17354.0,28.0,28.0,21.0,1154.0,715.0,574.0,-194.0,232.0,347.14285714285717
2020-05-23,1218.0,1113.0,998.0,21338.0,19503.0,17830.0,10.0,23.0,21.0,0.0,385.0,518.0,1208.0,706.0,459.42857142857144
2020-05-24,1240.0,1149.0,1010.0,19485.0,19474.0,17569.0,22.0,20.0,24.0,996.0,717.0,585.0,222.0,412.0,401.2857142857143
2020-05-25,1032.0,1163.0,1026.0,12922.0,17915.0,17387.0,52.0,28.0,28.0,817.0,604.0,660.0,163.0,531.0,338.2857142857143
2020-05-26,649.0,974.0,1009.0,9214.0,13874.0,16769.0,43.0,39.0,30.0,824.0,879.0,683.0,-218.0,55.666666666666664,295.85714285714283
2020-05-27,1673.0,1118.0,1133.0,29005.0,17047.0,18448.0,28.0,41.0,30.0,710.0,784.0,643.0,935.0,293.3333333333333,460.0
2020-05-28,1466.0,1263.0,1181.0,20727.0,19649.0,18613.0,25.0,32.0,30.0,919.0,818.0,774.0,522.0,413.0,376.85714285714283
2020-05-29,1837.0,1659.0,1302.0,24452.0,24728.0,19592.0,34.0,29.0,31.0,723.0,784.0,713.0,1080.0,845.6666666666666,558.8571428571429
2020-05-30,1727.0,1677.0,1375.0,21708.0,22296.0,19645.0,32.0,30.0,34.0,1023.0,888.0,859.0,672.0,758.0,482.2857142857143
2020-05-31,1716.0,1760.0,1443.0,23242.0,23134.0,20181.0,40.0,35.0,36.0,693.0,813.0,816.0,983.0,911.6666666666666,591.0
2020-06-01,1674.0,1706.0,1535.0,17617.0,20856.0,20852.0,22.0,31.0,32.0,482.0,733.0,768.0,1170.0,941.6666666666666,734.8571428571429
2020-06-02,1455.0,1615.0,1650.0,18792.0,19884.0,22220.0,50.0,37.0,33.0,1022.0,732.0,796.0,383.0,845.3333333333334,820.7142857142857
2020-06-03,1713.0,1614.0,1655.0,24445.0,20285.0,21569.0,37.0,36.0,34.0,1369.0,958.0,890.0,307.0,620.0,731.0
2020-06-04,3267.0,2145.0,1913.0,34696.0,25978.0,23565.0,56.0,48.0,39.0,1629.0,1340.0,992.0,1582.0,757.3333333333334,882.4285714285714
2020-06-05,2642.0,2541.0,2028.0,30196.0,29779.0,24385.0,60.0,51.0,42.0,1777.0,1592.0,1142.0,805.0,898.0,843.1428571428571
2020-06-06,2539.0,2816.0,2144.0,40797.0,35230.0,27112.0,44.0,53.0,44.0,1170.0,1525.0,1163.0,1325.0,1237.3333333333333,936.4285714285714
2020-06-07,2312.0,2498.0,2229.0,28396.0,33130.0,27848.0,46.0,50.0,45.0,106.0,1018.0,1079.0,2160.0,1430.0,1104.5714285714287
2020-06-08,2594.0,2482.0,2360.0,22995.0,30729.0,28617.0,82.0,57.0,54.0,1735.0,1004.0,1258.0,777.0,1420.6666666666667,1048.4285714285713
2020-06-09,2112.0,2339.0,2454.0,25011.0,25467.0,29505.0,82.0,70.0,58.0,2907.0,1583.0,1528.0,-877.0,686.6666666666666,868.4285714285714
2020-06-10,2430.0,2379.0,2557.0,30330.0,26112.0,30346.0,48.0,71.0,60.0,2499.0,2380.0,1689.0,-117.0,-72.33333333333333,807.8571428571429
2020-06-11,3147.0,2563.0,2539.0,29999.0,28447.0,29675.0,74.0,68.0,62.0,0.0,1802.0,1456.0,3073.0,693.0,1020.8571428571429
2020-06-12,3359.0,2979.0,2642.0,32026.0,30785.0,29936.0,70.0,64.0,64.0,3503.0,2001.0,1703.0,-214.0,914.0,875.2857142857143
2020-06-13,3809.0,3438.0,2823.0,27462.0,29829.0,28031.0,69.0,71.0,67.0,1842.0,1782.0,1799.0,1898.0,1585.6666666666667,957.1428571428571
2020-06-14,4302.0,3823.0,3108.0,34071.0,31186.0,28842.0,57.0,65.0,69.0,1681.0,2342.0,2024.0,2564.0,1416.0,1014.8571428571429
2020-06-15,3495.0,3869.0,3236.0,26975.0,29503.0,29411.0,88.0,71.0,70.0,1336.0,1620.0,1967.0,2071.0,2177.6666666666665,1199.7142857142858
2020-06-16,2801.0,3533.0,3335.0,23580.0,28209.0,29206.0,57.0,67.0,66.0,2196.0,1738.0,1865.0,548.0,1727.6666666666667,1403.2857142857142
2020-06-17,4078.0,3458.0,3570.0,34847.0,28467.0,29851.0,49.0,65.0,66.0,2268.0,1933.0,1832.0,1761.0,1460.0,1671.5714285714287
2020-06-18,3478.0,3452.0,3617.0,20738.0,26388.0,28528.0,63.0,56.0,65.0,589.0,1684.0,1916.0,2826.0,1711.6666666666667,1636.2857142857142
2020-06-19,3825.0,3794.0,3684.0,32336.0,29307.0,28573.0,94.0,69.0,68.0,2905.0,1921.0,1831.0,826.0,1804.3333333333333,1784.857142857143
2020-06-20,4966.0,4090.0,3849.0,33174.0,28749.0,29389.0,46.0,68.0,65.0,2501.0,1998.0,1925.0,2419.0,2023.6666666666667,1859.2857142857142
2020-06-21,4621.0,4471.0,3895.0,34452.0,33321.0,29443.0,53.0,64.0,64.0,1282.0,2229.0,1868.0,3286.0,2177.0,1962.4285714285713
2020-06-22,4288.0,4625.0,4008.0,25116.0,30914.0,29178.0,61.0,53.0,60.0,1836.0,1873.0,1940.0,2391.0,2698.6666666666665,2008.142857142857
2020-06-23,4518.0,4476.0,4253.0,29596.0,29721.0,30037.0,110.0,75.0,68.0,1601.0,1573.0,1855.0,2807.0,2828.0,2330.8571428571427
2020-06-24,5688.0,4831.0,4483.0,34122.0,29611.0,29933.0,104.0,92.0,76.0,1829.0,1755.0,1792.0,3755.0,2984.3333333333335,2615.714285714286
2020-06-25,6579.0,5595.0,4926.0,43118.0,35612.0,33131.0,87.0,100.0,79.0,3100.0,2177.0,2151.0,3392.0,3318.0,2696.5714285714284
2020-06-26,6215.0,6161.0,5268.0,33092.0,36777.0,33239.0,48.0,80.0,73.0,4137.0,3022.0,2327.0,2030.0,3059.0,2868.5714285714284
2020-06-27,7210.0,6668.0,5588.0,35905.0,37372.0,33629.0,73.0,69.0,77.0,2983.0,3407.0,2395.0,4154.0,3192.0,3116.4285714285716
2020-06-28,6334.0,6586.0,5833.0,38075.0,35691.0,34146.0,43.0,55.0,75.0,1831.0,2984.0,2474.0,4460.0,3548.0,3284.1428571428573
2020-06-29,6130.0,6558.0,6096.0,29911.0,34630.0,34831.0,73.0,63.0,77.0,1689.0,2168.0,2453.0,4368.0,4327.333333333333,3566.5714285714284
2020-06-30,6945.0,6470.0,6443.0,33013.0,33666.0,35319.0,128.0,81.0,79.0,2929.0,2150.0,2643.0,3888.0,4238.666666666667,3721.0
2020-07-01,8124.0,7066.0,6791.0,36931.0,33285.0,35721.0,92.0,98.0,78.0,2482.0,2367.0,2736.0,5550.0,4602.0,3977.4285714285716
2020-07-02,8728.0,7932.0,7098.0,39188.0,36377.0,35159.0,95.0,105.0,79.0,5974.0,3795.0,3146.0,2659.0,4032.3333333333335,3872.714285714286
2020-07-03,9063.0,8638.0,7505.0,39026.0,38382.0,36007.0,108.0,98.0,87.0,4299.0,4252.0,3170.0,4656.0,4288.333333333333,4247.857142857143
2020-07-04,10853.0,9548.0,8025.0,46925.0,41713.0,37581.0,74.0,92.0,88.0,4929.0,5067.0,3448.0,5850.0,4388.333333333333,4490.142857142857
2020-07-05,8773.0,9563.0,8374.0,38083.0,41345.0,37582.0,173.0,118.0,106.0,2088.0,3772.0,3484.0,6512.0,5672.666666666667,4783.285714285715
2020-07-06,8971.0,9532.0,8780.0,33950.0,39653.0,38159.0,111.0,119.0,112.0,4533.0,3850.0,3891.0,4327.0,5563.0,4777.428571428572
2020-07-07,10134.0,9293.0,9235.0,43421.0,38485.0,39646.0,192.0,159.0,121.0,4451.0,3691.0,4108.0,5491.0,5443.333333333333,5006.428571428572
2020-07-08,8810.0,9305.0,9333.0,36867.0,38079.0,39637.0,100.0,134.0,122.0,4543.0,4509.0,4402.0,4167.0,4661.666666666667,4808.857142857143
2020-07-09,13674.0,10873.0,10040.0,56170.0,45486.0,42063.0,118.0,137.0,125.0,6219.0,5071.0,4437.0,7337.0,5665.0,5477.142857142857
2020-07-10,12348.0,11611.0,10509.0,56663.0,49900.0,44583.0,140.0,119.0,130.0,5171.0,5311.0,4562.0,7037.0,6180.333333333333,5817.285714285715
2020-07-11,13497.0,13173.0,10887.0,51338.0,54724.0,45213.0,111.0,123.0,135.0,9483.0,6958.0,5213.0,3903.0,6092.333333333333,5539.142857142857
2020-07-12,12058.0,12634.0,11356.0,45821.0,51274.0,46319.0,108.0,120.0,126.0,7159.0,7271.0,5937.0,4791.0,5243.666666666667,5293.285714285715
2020-07-13,11554.0,12370.0,11725.0,40233.0,45797.0,47216.0,93.0,104.0,123.0,3367.0,6670.0,5770.0,8094.0,5596.0,5831.428571428572
2020-07-14,10496.0,11369.0,11777.0,38114.0,41389.0,46458.0,174.0,125.0,121.0,8038.0,6188.0,6283.0,2284.0,5056.333333333333,5373.285714285715
2020-07-15,12757.0,11602.0,12341.0,45389.0,41245.0,47675.0,107.0,125.0,122.0,14414.0,8606.0,7693.0,-1764.0,2871.3333333333335,4526.0
2020-07-16,13172.0,12142.0,12269.0,46796.0,43433.0,46336.0,216.0,166.0,136.0,4898.0,9117.0,7504.0,8058.0,2859.3333333333335,4629.0
2020-07-17,13373.0,13101.0,12415.0,48130.0,46772.0,45117.0,135.0,153.0,135.0,12592.0,10635.0,8564.0,646.0,2313.3333333333335,3716.0
2020-07-18,13285.0,13277.0,12385.0,49688.0,48205.0,44882.0,144.0,165.0,140.0,4047.0,7179.0,7788.0,9094.0,5932.666666666667,4457.571428571428
2020-07-19,13449.0,13369.0,12584.0,49006.0,48941.0,45337.0,85.0,121.0,136.0,8829.0,8489.0,8026.0,4535.0,4758.333333333333,4421.0
2020-07-20,9300.0,12011.0,12262.0,33899.0,44198.0,44432.0,140.0,123.0,143.0,3806.0,5561.0,8089.0,5354.0,6327.666666666667,4029.5714285714284
2020-07-21,8170.0,10306.0,11929.0,31275.0,38060.0,43455.0,195.0,140.0,146.0,13279.0,8638.0,8838.0,-5304.0,1528.3333333333333,2945.5714285714284
2020-07-22,13150.0,10207.0,11986.0,48553.0,37909.0,43907.0,572.0,302.0,212.0,21031.0,12705.0,9783.0,-8453.0,-2801.0,1990.0
2020-07-23,13104.0,11475.0,11976.0,46632.0,42153.0,43883.0,153.0,307.0,203.0,7085.0,13798.0,10096.0,5866.0,-2630.3333333333335,1676.857142857143
2020-07-24,13944.0,13399.0,12057.0,52382.0,49189.0,44491.0,250.0,325.0,220.0,9511.0,12542.0,9655.0,4183.0,532.0,2182.1428571428573
2020-07-25,12204.0,13084.0,11903.0,46324.0,48446.0,44010.0,312.0,238.0,244.0,17283.0,11293.0,11546.0,-5391.0,1552.6666666666667,112.85714285714286
2020-07-26,11233.0,12460.0,11586.0,42966.0,47224.0,43147.0,114.0,225.0,248.0,2023.0,9606.0,10574.0,9096.0,2629.3333333333335,764.4285714285714
2020-07-27,7096.0,10178.0,11272.0,28433.0,39241.0,42366.0,298.0,241.0,271.0,9848.0,9718.0,11437.0,-3050.0,218.33333333333334,-436.14285714285717
2020-07-28,7232.0,8520.0,11138.0,28424.0,33274.0,41959.0,190.0,201.0,270.0,12388.0,8086.0,11310.0,-5346.0,233.33333333333334,-442.14285714285717
2020-07-29,11362.0,8563.0,10882.0,42528.0,33128.0,41098.0,240.0,243.0,222.0,10654.0,10963.0,9827.0,468.0,-2642.6666666666665,832.2857142857143
2020-07-30,11046.0,9880.0,10588.0,44886.0,38613.0,40849.0,315.0,248.0,246.0,11634.0,11559.0,10477.0,-903.0,-1927.0,-134.71428571428572
2020-07-31,11014.0,11141.0,10170.0,41486.0,42967.0,39292.0,193.0,249.0,237.0,16570.0,12953.0,11486.0,-5749.0,-2061.3333333333335,-1553.5714285714287
2020-08-01,10107.0,10722.0,9870.0,42450.0,42941.0,38739.0,148.0,219.0,214.0,16290.0,14831.0,11344.0,-6331.0,-4327.666666666667,-1687.857142857143
2020-08-02,8195.0,9772.0,9436.0,34794.0,39577.0,37572.0,213.0,185.0,228.0,4766.0,12542.0,11736.0,3216.0,-2954.6666666666665,-2527.8571428571427
2020-08-03,5377.0,7893.0,9190.0,21916.0,33053.0,36641.0,173.0,178.0,210.0,10810.0,10622.0,11873.0,-5606.0,-2907.0,-2893.0
2020-08-04,4456.0,6009.0,8794.0,19507.0,25406.0,35367.0,345.0,244.0,232.0,5714.0,7097.0,10920.0,-1603.0,-1331.0,-2358.285714285714
2020-08-05,8559.0,6131.0,8393.0,34989.0,25471.0,34290.0,414.0,311.0,257.0,13515.0,10013.0,11328.0,-5370.0,-4193.0,-3192.285714285714
2020-08-06,8307.0,7107.0,8002.0,36616.0,30371.0,33108.0,306.0,355.0,256.0,10050.0,9760.0,11102.0,-2049.0,-3007.3333333333335,-3356.0
2020-08-07,7292.0,8053.0,7470.0,33851.0,35152.0,32018.0,305.0,342.0,272.0,7443.0,10336.0,9798.0,-456.0,-2625.0,-2599.8571428571427
2020-08-08,7712.0,7770.0,7128.0,36607.0,35691.0,31183.0,301.0,304.0,294.0,9809.0,9101.0,8872.0,-2398.0,-1634.3333333333333,-2038.0
2020-08-09,6670.0,7225.0,6910.0,30318.0,33592.0,30543.0,198.0,268.0,292.0,6579.0,7944.0,9131.0,-107.0,-987.0,-2512.714285714286
2020-08-10,3740.0,6041.0,6677.0,16911.0,27945.0,29828.0,213.0,237.0,297.0,6053.0,7480.0,8452.0,-2526.0,-1677.0,-2072.714285714286
2020-08-11,2511.0,4307.0,6399.0,11483.0,19571.0,28682.0,130.0,180.0,267.0,8925.0,7186.0,8911.0,-6544.0,-3059.0,-2778.5714285714284
2020-08-12,2810.0,3020.0,5577.0,16457.0,14950.0,26035.0,259.0,201.0,245.0,5904.0,6961.0,7823.0,-3353.0,-4141.0,-2490.4285714285716
2020-08-13,3946.0,3089.0,4954.0,20063.0,16001.0,23670.0,260.0,216.0,238.0,5588.0,6806.0,7186.0,-1902.0,-3933.0,-2469.4285714285716
2020-08-14,6275.0,4344.0,4809.0,35614.0,24045.0,23922.0,286.0,268.0,235.0,24117.0,11870.0,9568.0,-18128.0,-7794.333333333333,-4994.0
2020-08-15,4513.0,4911.0,4352.0,26918.0,27532.0,22538.0,121.0,222.0,210.0,5207.0,11637.0,8910.0,-815.0,-6948.333333333333,-4767.857142857143
2020-08-16,3692.0,4827.0,3927.0,22609.0,28380.0,21436.0,162.0,190.0,204.0,5436.0,11587.0,8747.0,-1906.0,-6949.666666666667,-5024.857142857143
2020-08-17,2541.0,3582.0,3755.0,15032.0,21520.0,21168.0,143.0,142.0,194.0,5294.0,5312.0,8639.0,-2896.0,-1872.3333333333333,-5077.714285714285
2020-08-18,2258.0,2830.0,3719.0,14677.0,17439.0,21624.0,282.0,196.0,216.0,7797.0,6176.0,8478.0,-5821.0,-3541.0,-4974.428571428572
2020-08-19,3916.0,2905.0,3877.0,25324.0,18344.0,22891.0,159.0,195.0,202.0,5973.0,6355.0,8487.0,-2216.0,-3644.3333333333335,-4812.0
2020-08-20,3880.0,3351.0,3868.0,24612.0,21538.0,23541.0,195.0,212.0,193.0,5728.0,6499.0,8507.0,-2043.0,-3360.0,-4832.142857142857
2020-08-21,3398.0,3731.0,3457.0,24224.0,24720.0,21914.0,225.0,193.0,184.0,2933.0,4878.0,5481.0,240.0,-1339.6666666666667,-2208.1428571428573
2020-08-22,3707.0,3662.0,3342.0,30560.0,26465.0,22434.0,144.0,188.0,187.0,4025.0,4229.0,5312.0,-462.0,-755.0,-2157.714285714286
2020-08-23,2728.0,3278.0,3204.0,18358.0,24381.0,21827.0,72.0,147.0,174.0,2343.0,3100.0,4870.0,313.0,30.333333333333332,-1840.7142857142858
2020-08-24,1677.0,2704.0,3081.0,10640.0,19853.0,21199.0,100.0,105.0,168.0,10014.0,5461.0,5545.0,-8437.0,-2862.0,-2632.285714285714
2020-08-25,1567.0,1991.0,2982.0,14771.0,14590.0,21213.0,149.0,107.0,149.0,3897.0,5418.0,4988.0,-2479.0,-3534.3333333333335,-2154.8571428571427
2020-08-26,2684.0,1976.0,2806.0,20137.0,15183.0,20472.0,194.0,148.0,154.0,4861.0,6257.0,4829.0,-2371.0,-4429.0,-2177.0
2020-08-27,2585.0,2279.0,2621.0,19009.0,17972.0,19671.0,126.0,156.0,144.0,6096.0,4951.0,4881.0,-3637.0,-2829.0,-2404.714285714286
2020-08-28,1837.0,2369.0,2398.0,14329.0,17825.0,18258.0,115.0,145.0,129.0,2597.0,4518.0,4833.0,-875.0,-2294.3333333333335,-2564.0
2020-08-29,2428.0,2283.0,2215.0,20659.0,17999.0,16843.0,238.0,160.0,142.0,2759.0,3817.0,4652.0,-569.0,-1693.6666666666667,-2579.285714285714
2020-08-30,2505.0,2257.0,2183.0,21902.0,18963.0,17350.0,47.0,133.0,138.0,1910.0,2422.0,4591.0,548.0,-298.6666666666667,-2545.714285714286
2020-08-31,1985.0,2306.0,2227.0,18849.0,20470.0,18522.0,121.0,135.0,141.0,2319.0,2329.0,3491.0,-455.0,-158.66666666666666,-1405.4285714285713
2020-09-01,1218.0,1903.0,2177.0,11687.0,17479.0,18082.0,114.0,94.0,136.0,9070.0,4433.0,4230.0,-7966.0,-2624.3333333333335,-2189.285714285714
2020-09-02,2336.0,1846.0,2128.0,21313.0,17283.0,18250.0,126.0,120.0,127.0,3463.0,4951.0,4031.0,-1253.0,-3224.6666666666665,-2029.5714285714287
2020-09-03,2420.0,1991.0,2104.0,20380.0,17793.0,18446.0,174.0,138.0,134.0,1431.0,4655.0,3364.0,815.0,-2801.3333333333335,-1393.5714285714287
2020-09-04,2063.0,2273.0,2136.0,18599.0,20097.0,19056.0,115.0,138.0,134.0,2931.0,2608.0,3412.0,-983.0,-473.6666666666667,-1409.0
2020-09-05,1806.0,2096.0,2048.0,18123.0,19034.0,18693.0,101.0,130.0,114.0,3386.0,2583.0,3501.0,-1681.0,-616.3333333333334,-1567.857142857143
2020-09-06,1633.0,1834.0,1923.0,16367.0,17696.0,17903.0,110.0,109.0,123.0,2687.0,3001.0,3612.0,-1164.0,-1276.0,-1812.4285714285713
2020-09-07,845.0,1428.0,1760.0,8759.0,14416.0,16461.0,115.0,109.0,122.0,2664.0,2912.0,3662.0,-1934.0,-1593.0,-2023.7142857142858
2020-09-08,1079.0,1186.0,1740.0,12213.0,12446.0,16536.0,82.0,102.0,118.0,1174.0,2175.0,2534.0,-177.0,-1091.6666666666667,-911.0
2020-09-09,1990.0,1305.0,1691.0,21736.0,14236.0,16597.0,82.0,93.0,111.0,2206.0,2015.0,2354.0,-298.0,-803.0,-774.5714285714286
2020-09-10,2007.0,1692.0,1632.0,20555.0,18168.0,16622.0,97.0,87.0,100.0,3068.0,2149.0,2588.0,-1158.0,-544.3333333333334,-1056.4285714285713
2020-09-11,1960.0,1986.0,1617.0,20713.0,21001.0,16924.0,113.0,97.0,100.0,1584.0,2286.0,2396.0,263.0,-397.6666666666667,-878.4285714285714
2020-09-12,1816.0,1928.0,1619.0,18620.0,19963.0,16995.0,49.0,86.0,93.0,1836.0,2163.0,2174.0,-69.0,-321.3333333333333,-648.1428571428571
2020-09-13,1579.0,1785.0,1611.0,15692.0,18342.0,16898.0,20.0,61.0,80.0,1483.0,1634.0,2002.0,76.0,90.0,-471.0
2020-09-14,956.0,1450.0,1627.0,10136.0,14816.0,17095.0,52.0,40.0,71.0,1383.0,1567.0,1819.0,-479.0,-157.33333333333334,-263.14285714285717
2020-09-15,772.0,1102.0,1583.0,11603.0,12477.0,17008.0,142.0,71.0,79.0,3837.0,2234.0,2200.0,-3207.0,-1203.3333333333333,-696.0
2020-09-16,1923.0,1217.0,1573.0,20962.0,14234.0,16897.0,64.0,86.0,77.0,1069.0,2096.0,2037.0,790.0,-965.3333333333334,-540.5714285714286
2020-09-17,2128.0,1608.0,1591.0,22354.0,18306.0,17154.0,67.0,91.0,72.0,1108.0,2005.0,1757.0,953.0,-488.0,-239.0
2020-09-18,2055.0,2035.0,1604.0,20057.0,21124.0,17061.0,85.0,72.0,68.0,1541.0,1239.0,1751.0,429.0,724.0,-215.28571428571428
2020-09-19,2029.0,2071.0,1635.0,21069.0,21160.0,17410.0,83.0,78.0,73.0,2590.0,1746.0,1859.0,-644.0,246.0,-297.42857142857144
2020-09-20,1555.0,1880.0,1631.0,16884.0,19337.0,17581.0,13.0,60.0,72.0,637.0,1589.0,1738.0,905.0,230.0,-179.0
2020-09-21,725.0,1436.0,1598.0,6180.0,14711.0,17016.0,39.0,45.0,70.0,1137.0,1455.0,1703.0,-451.0,-63.333333333333336,-175.0
2020-09-22,1346.0,1209.0,1680.0,16394.0,13153.0,17700.0,126.0,59.0,68.0,1696.0,1157.0,1397.0,-476.0,-7.333333333333333,215.14285714285714
2020-09-23,1906.0,1326.0,1678.0,19640.0,14071.0,17511.0,88.0,84.0,72.0,1325.0,1386.0,1433.0,493.0,-144.66666666666666,172.71428571428572
2020-09-24,1861.0,1704.0,1640.0,18405.0,18146.0,16947.0,77.0,97.0,73.0,1687.0,1569.0,1516.0,97.0,38.0,50.42857142857143
2020-09-25,1480.0,1749.0,1557.0,14917.0,17654.0,16213.0,29.0,65.0,65.0,3233.0,2082.0,1758.0,-1782.0,-397.3333333333333,-265.42857142857144
2020-09-26,969.0,1437.0,1406.0,11359.0,14894.0,14826.0,64.0,57.0,62.0,2669.0,2530.0,1769.0,-1764.0,-1149.6666666666667,-425.42857142857144
2020-09-27,1268.0,1239.0,1365.0,15028.0,13768.0,14560.0,22.0,38.0,64.0,1903.0,2602.0,1950.0,-657.0,-1401.0,-648.5714285714286
2020-09-28,903.0,1047.0,1390.0,9014.0,11800.0,14965.0,188.0,91.0,85.0,757.0,1776.0,1896.0,-42.0,-821.0,-590.1428571428571
2020-09-29,903.0,1025.0,1327.0,12011.0,12018.0,14339.0,81.0,97.0,78.0,2042.0,1567.0,1945.0,-1220.0,-639.6666666666666,-696.4285714285714
2020-09-30,1767.0,1191.0,1307.0,23426.0,14817.0,14880.0,67.0,112.0,75.0,1592.0,1464.0,1983.0,108.0,-384.6666666666667,-751.4285714285714
2020-10-01,1745.0,1472.0,1291.0,21132.0,18856.0,15270.0,132.0,93.0,83.0,1742.0,1792.0,1991.0,-129.0,-413.6666666666667,-783.7142857142857
2020-10-02,1749.0,1754.0,1329.0,20660.0,21739.0,16090.0,43.0,81.0,85.0,1190.0,1508.0,1699.0,516.0,165.0,-455.42857142857144
2020-10-03,1883.0,1792.0,1460.0,21804.0,21199.0,17582.0,29.0,68.0,80.0,1719.0,1550.0,1564.0,135.0,174.0,-184.14285714285714
2020-10-04,1573.0,1735.0,1503.0,18113.0,20192.0,18023.0,38.0,37.0,83.0,2018.0,1642.0,1580.0,-483.0,56.0,-159.28571428571428
2020-10-05,926.0,1461.0,1507.0,10714.0,16877.0,18266.0,40.0,36.0,61.0,903.0,1547.0,1601.0,-17.0,-121.66666666666667,-155.71428571428572
2020-10-06,1027.0,1175.0,1524.0,14591.0,14473.0,18634.0,87.0,55.0,62.0,1173.0,1365.0,1477.0,-233.0,-244.33333333333334,-14.714285714285714
2020-10-07,1913.0,1289.0,1545.0,23583.0,16296.0,18657.0,145.0,91.0,73.0,1270.0,1115.0,1431.0,498.0,82.66666666666667,41.0
2020-10-08,1736.0,1559.0,1544.0,21172.0,19782.0,18662.0,160.0,131.0,77.0,644.0,1029.0,1274.0,932.0,399.0,192.57142857142858
2020-10-09,1641.0,1763.0,1528.0,20419.0,21725.0,18628.0,139.0,148.0,91.0,1310.0,1075.0,1291.0,192.0,540.6666666666666,146.28571428571428
2020-10-10,2364.0,1914.0,1597.0,28066.0,23219.0,19523.0,126.0,142.0,105.0,2072.0,1342.0,1341.0,166.0,430.0,150.71428571428572
2020-10-11,1575.0,1860.0,1597.0,19270.0,22585.0,19688.0,107.0,124.0,115.0,1612.0,1665.0,1283.0,-144.0,71.33333333333333,199.14285714285714
2020-10-12,888.0,1609.0,1592.0,10977.0,19438.0,19725.0,83.0,105.0,121.0,894.0,1526.0,1282.0,-89.0,-22.333333333333332,188.85714285714286
2020-10-13,1178.0,1214.0,1614.0,15534.0,15260.0,19860.0,165.0,118.0,132.0,915.0,1140.0,1245.0,98.0,-45.0,236.14285714285714
2020-10-14,1877.0,1314.0,1608.0,24793.0,17101.0,20033.0,123.0,124.0,129.0,1324.0,1044.0,1253.0,430.0,146.33333333333334,226.42857142857142
2020-10-15,1770.0,1608.0,1613.0,22609.0,20979.0,20238.0,158.0,149.0,129.0,1403.0,1214.0,1361.0,209.0,245.66666666666666,123.14285714285714
2020-10-16,2019.0,1889.0,1667.0,24179.0,23860.0,20775.0,61.0,114.0,118.0,959.0,1229.0,1311.0,999.0,546.0,238.42857142857142
2020-10-17,1928.0,1906.0,1605.0,22608.0,23132.0,19996.0,38.0,86.0,105.0,1176.0,1179.0,1183.0,714.0,640.6666666666666,316.7142857142857
2020-10-18,1662.0,1870.0,1617.0,21337.0,22708.0,20291.0,63.0,54.0,99.0,4107.0,2081.0,1540.0,-2508.0,-265.0,-21.0
2020-10-19,1461.0,1684.0,1699.0,16502.0,20149.0,21080.0,21.0,41.0,90.0,714.0,1999.0,1514.0,726.0,-356.0,95.42857142857143
2020-10-20,1050.0,1391.0,1681.0,15366.0,17735.0,21056.0,164.0,83.0,90.0,4311.0,3044.0,1999.0,-3425.0,-1735.6666666666667,-407.85714285714283
2020-10-21,2055.0,1522.0,1706.0,26537.0,19468.0,21305.0,85.0,90.0,84.0,2138.0,2388.0,2115.0,-168.0,-955.6666666666666,-493.2857142857143
2020-10-22,2156.0,1754.0,1762.0,25788.0,22564.0,21760.0,102.0,117.0,76.0,854.0,2434.0,2037.0,1200.0,-797.6666666666666,-351.7142857142857
2020-10-23,1897.0,2036.0,1744.0,23445.0,25257.0,21655.0,48.0,78.0,74.0,963.0,1318.0,2038.0,886.0,639.3333333333334,-367.85714285714283
2020-10-24,1834.0,1962.0,1731.0,20826.0,23353.0,21400.0,53.0,68.0,77.0,1118.0,978.0,2029.0,663.0,916.3333333333334,-375.14285714285717
2020-10-25,1622.0,1784.0,1725.0,19997.0,21423.0,21209.0,24.0,42.0,71.0,1529.0,1203.0,1661.0,69.0,539.3333333333334,-7.0
2020-10-26,891.0,1449.0,1644.0,11464.0,17429.0,20489.0,40.0,39.0,74.0,551.0,1066.0,1638.0,300.0,344.0,-67.85714285714286
2020-10-27,1092.0,1202.0,1650.0,17472.0,16311.0,20790.0,45.0,36.0,57.0,1112.0,1064.0,1181.0,-65.0,101.33333333333333,412.14285714285717
2020-10-28,1863.0,1282.0,1622.0,25721.0,18219.0,20673.0,58.0,48.0,53.0,821.0,828.0,993.0,984.0,406.3333333333333,576.7142857142857
2020-10-29,2056.0,1670.0,1608.0,25013.0,22735.0,20563.0,53.0,52.0,46.0,1281.0,1071.0,1054.0,722.0,547.0,508.42857142857144
2020-10-30,1912.0,1944.0,1610.0,23214.0,24649.0,20530.0,66.0,59.0,48.0,3117.0,1740.0,1361.0,-1271.0,145.0,200.28571428571428
2020-10-31,1770.0,1913.0,1601.0,22150.0,23459.0,20719.0,46.0,55.0,47.0,1130.0,1843.0,1363.0,594.0,15.0,190.42857142857142
2020-11-01,1371.0,1684.0,1565.0,19543.0,21636.0,20654.0,135.0,82.0,63.0,1148.0,1798.0,1309.0,88.0,-196.33333333333334,193.14285714285714
2020-11-02,772.0,1304.0,1548.0,10402.0,17365.0,20502.0,54.0,78.0,65.0,2170.0,1483.0,1540.0,-1452.0,-256.6666666666667,-57.142857142857146
2020-11-03,1241.0,1128.0,1569.0,15692.0,15212.0,20248.0,74.0,88.0,69.0,1749.0,1689.0,1631.0,-582.0,-648.6666666666666,-131.0
2020-11-04,1712.0,1242.0,1548.0,25073.0,17056.0,20155.0,46.0,58.0,68.0,936.0,1618.0,1647.0,730.0,-434.6666666666667,-167.28571428571428
2020-11-05,1866.0,1606.0,1521.0,23942.0,21569.0,20002.0,92.0,71.0,73.0,11394.0,4693.0,3092.0,-9620.0,-3157.3333333333335,-1644.7142857142858
2020-11-06,1761.0,1780.0,1499.0,23094.0,24036.0,19985.0,72.0,70.0,74.0,4014.0,5448.0,3220.0,-2325.0,-3738.3333333333335,-1795.2857142857142
2020-11-07,1731.0,1786.0,1493.0,22455.0,23164.0,20029.0,40.0,68.0,73.0,3145.0,6184.0,3508.0,-1454.0,-4466.333333333333,-2087.8571428571427
2020-11-08,1372.0,1621.0,1494.0,17266.0,20938.0,19703.0,20.0,44.0,57.0,950.0,2703.0,3480.0,402.0,-1125.6666666666667,-2043.0
2020-11-09,1247.0,1450.0,1561.0,12641.0,17454.0,20023.0,36.0,32.0,54.0,1038.0,1711.0,3318.0,173.0,-293.0,-1810.857142857143
2020-11-10,1729.0,1449.0,1631.0,17269.0,15725.0,20249.0,106.0,54.0,59.0,2468.0,1485.0,3421.0,-845.0,-90.0,-1848.4285714285713
2020-11-11,2140.0,1705.0,1692.0,27432.0,19114.0,20586.0,60.0,67.0,61.0,3264.0,2257.0,3753.0,-1184.0,-618.6666666666666,-2121.8571428571427
2020-11-12,2338.0,2069.0,1760.0,25675.0,23459.0,20833.0,65.0,77.0,57.0,4445.0,3392.0,2761.0,-2172.0,-1400.3333333333333,-1057.857142857143
2020-11-13,2213.0,2230.0,1824.0,23430.0,25512.0,20881.0,77.0,67.0,58.0,1274.0,2994.0,2369.0,862.0,-831.3333333333334,-602.5714285714286
2020-11-14,2237.0,2263.0,1897.0,23497.0,24201.0,21030.0,53.0,65.0,60.0,1084.0,2268.0,2075.0,1100.0,-70.0,-237.71428571428572
2020-11-15,1842.0,2097.0,1964.0,19808.0,22245.0,21393.0,35.0,55.0,62.0,206.0,855.0,1968.0,1601.0,1187.6666666666667,-66.42857142857143
2020-11-16,1245.0,1775.0,1963.0,12755.0,18687.0,21409.0,73.0,54.0,67.0,2029.0,1106.0,2110.0,-857.0,614.6666666666666,-213.57142857142858
2020-11-17,1987.0,1691.0,2000.0,17930.0,16831.0,21504.0,119.0,76.0,69.0,1324.0,1186.0,1947.0,544.0,429.3333333333333,-15.142857142857142
2020-11-18,2888.0,2040.0,2107.0,28703.0,19796.0,21685.0,123.0,105.0,78.0,4714.0,2689.0,2154.0,-1949.0,-754.0,-124.42857142857143
2020-11-19,2514.0,2463.0,2132.0,24456.0,23696.0,21511.0,115.0,119.0,85.0,1010.0,2349.0,1663.0,1389.0,-5.333333333333333,384.2857142857143
2020-11-20,3105.0,2836.0,2260.0,29019.0,27393.0,22310.0,88.0,109.0,87.0,4496.0,3407.0,2123.0,-1479.0,-679.6666666666666,49.857142857142854
2020-11-21,2646.0,2755.0,2318.0,26007.0,26494.0,22668.0,86.0,96.0,91.0,744.0,2083.0,2075.0,1816.0,575.3333333333334,152.14285714285714
2020-11-22,2270.0,2674.0,2379.0,21904.0,25643.0,22968.0,58.0,77.0,95.0,2315.0,2518.0,2376.0,-103.0,78.0,-91.28571428571429
2020-11-23,2080.0,2332.0,2499.0,14377.0,20763.0,23199.0,65.0,70.0,93.0,1096.0,1385.0,2243.0,919.0,877.3333333333334,162.42857142857142
2020-11-24,2493.0,2281.0,2571.0,20288.0,18856.0,23536.0,115.0,79.0,93.0,5249.0,2887.0,2803.0,-2871.0,-685.0,-325.42857142857144
2020-11-25,3250.0,2608.0,2623.0,29437.0,21367.0,23641.0,118.0,99.0,92.0,0.0,2115.0,2130.0,3132.0,393.3333333333333,400.42857142857144
2020-11-26,3069.0,2937.0,2702.0,28010.0,25912.0,24149.0,88.0,107.0,88.0,0.0,1750.0,1986.0,2981.0,1080.6666666666667,627.8571428571429
2020-11-27,3370.0,3230.0,2740.0,,,,89.0,98.0,88.0,6432.0,2144.0,2262.0,-3151.0,987.3333333333334,389.0
2020-11-28,3198.0,3212.0,2819.0,,,,61.0,79.0,85.0,471.0,2301.0,2223.0,2666.0,832.0,510.42857142857144
2020-11-29,2563.0,3044.0,2860.0,,,,38.0,63.0,82.0,7286.0,4730.0,2933.0,-4761.0,-1748.6666666666667,-155.0
2020-11-30,2302.0,2688.0,2892.0,,,,58.0,52.0,81.0,609.0,2789.0,2864.0,1635.0,-153.33333333333334,-52.714285714285715
2020-12-01,2295.0,2387.0,2864.0,,,,109.0,68.0,80.0,1289.0,3061.0,2298.0,897.0,-743.0,485.57142857142856
2020-12-02,4173.0,2923.0,2996.0,,,,65.0,77.0,73.0,1774.0,1224.0,2552.0,2334.0,1622.0,371.57142857142856
2020-12-03,4400.0,3623.0,3186.0,117591.0,58346.0,36802.0,94.0,89.0,73.0,5062.0,2708.0,3275.0,-756.0,825.0,-162.28571428571428
2020-12-04,4932.0,4502.0,3409.0,33415.0,59672.0,37860.0,160.0,106.0,84.0,1083.0,2640.0,2511.0,3689.0,1755.6666666666667,814.8571428571429
2020-12-05,4645.0,4659.0,3616.0,31844.0,60950.0,39280.0,104.0,119.0,90.0,3848.0,3331.0,2993.0,693.0,1208.6666666666667,533.0
2020-12-06,4116.0,4564.0,3838.0,26735.0,30665.0,41046.0,139.0,134.0,104.0,482.0,1804.0,2021.0,3495.0,2625.6666666666665,1712.4285714285713
2020-12-07,3313.0,4025.0,3982.0,19252.0,25944.0,40898.0,43.0,95.0,102.0,970.0,1767.0,2073.0,2300.0,2162.6666666666665,1807.4285714285713
2020-12-08,4011.0,3813.0,4227.0,28127.0,24705.0,40711.0,183.0,122.0,113.0,7322.0,2925.0,2934.0,-3494.0,767.0,1180.142857142857
2020-12-09,6709.0,4678.0,4589.0,50221.0,32533.0,43884.0,142.0,123.0,124.0,1586.0,3293.0,2908.0,4981.0,1262.3333333333333,1558.2857142857142
2020-12-10,8166.0,6295.0,5127.0,45207.0,41185.0,33543.0,173.0,166.0,135.0,2013.0,3640.0,2472.0,5980.0,2489.0,2520.5714285714284
2020-12-11,8319.0,7731.0,5611.0,44074.0,46501.0,35066.0,205.0,173.0,141.0,1702.0,1767.0,2560.0,6412.0,5791.0,2909.5714285714284
2020-12-12,7882.0,8122.0,6074.0,40211.0,43164.0,36261.0,154.0,177.0,148.0,1745.0,1820.0,2260.0,5983.0,6125.0,3665.285714285714
2020-12-13,7999.0,8067.0,6628.0,39423.0,41236.0,38074.0,170.0,176.0,153.0,893.0,1447.0,2319.0,6936.0,6443.666666666667,4156.857142857143
2020-12-14,5163.0,7015.0,6893.0,25049.0,34894.0,38902.0,175.0,166.0,172.0,1735.0,1458.0,2428.0,3253.0,5390.666666666667,4293.0
2020-12-15,7552.0,6905.0,7399.0,36347.0,33606.0,40076.0,210.0,185.0,176.0,2231.0,1620.0,1701.0,5111.0,5100.0,5522.285714285715
2020-12-16,10008.0,7574.0,7870.0,48118.0,36505.0,39776.0,166.0,184.0,179.0,9608.0,4525.0,2847.0,234.0,2866.0,4844.142857142857
2020-12-17,9126.0,8895.0,8007.0,42543.0,42336.0,39395.0,184.0,187.0,181.0,5728.0,5856.0,3377.0,3214.0,2853.0,4449.0
2020-12-18,8725.0,9286.0,8065.0,40751.0,43804.0,38920.0,274.0,208.0,190.0,3505.0,6280.0,3635.0,4946.0,2798.0,4239.571428571428
2020-12-19,10939.0,9597.0,8502.0,48387.0,43894.0,40088.0,254.0,237.0,205.0,3964.0,4399.0,3952.0,6721.0,4960.333333333333,4345.0
2020-12-20,9445.0,9703.0,8708.0,40466.0,43201.0,40237.0,152.0,227.0,202.0,6132.0,4534.0,4700.0,3161.0,4942.666666666667,3805.714285714286
2020-12-21,8789.0,9724.0,9226.0,35844.0,41566.0,41779.0,216.0,207.0,208.0,2432.0,4176.0,4800.0,6141.0,5341.0,4218.285714285715
2020-12-22,9501.0,9245.0,9505.0,39045.0,38452.0,42165.0,339.0,236.0,226.0,11895.0,6820.0,6181.0,-2733.0,2189.6666666666665,3097.714285714286
2020-12-23,14046.0,10779.0,10082.0,54048.0,42979.0,43012.0,411.0,322.0,261.0,3131.0,5819.0,5255.0,10504.0,4637.333333333333,4564.857142857143
2020-12-24,14305.0,12617.0,10821.0,56008.0,49700.0,44936.0,326.0,359.0,282.0,11606.0,8877.0,6095.0,2373.0,3381.3333333333335,4444.714285714285
2020-12-25,14796.0,14382.0,11689.0,52223.0,54093.0,46574.0,293.0,343.0,284.0,7273.0,7337.0,6633.0,7230.0,6702.333333333333,4771.0
2020-12-26,11552.0,13551.0,11776.0,37817.0,48683.0,45064.0,245.0,288.0,283.0,8943.0,9274.0,7345.0,2364.0,3989.0,4148.571428571428
2020-12-27,9502.0,11950.0,11784.0,29494.0,39845.0,43497.0,214.0,251.0,292.0,5680.0,7299.0,7280.0,3608.0,4400.666666666667,4212.428571428572
2020-12-28,7458.0,9504.0,11594.0,23707.0,30339.0,41763.0,336.0,265.0,309.0,5073.0,6565.0,7657.0,2049.0,2673.6666666666665,3627.8571428571427
2020-12-29,9580.0,8847.0,11606.0,31457.0,28219.0,40679.0,497.0,349.0,332.0,8509.0,6421.0,7174.0,574.0,2077.0,4100.285714285715
2020-12-30,17710.0,11583.0,12129.0,53279.0,36148.0,40569.0,465.0,433.0,339.0,9141.0,7574.0,8032.0,8104.0,3575.6666666666665,3757.4285714285716
2020-12-31,18000.0,15097.0,12657.0,55447.0,46728.0,40489.0,436.0,466.0,355.0,12074.0,9908.0,8099.0,5490.0,4722.666666666667,4202.714285714285
2021-01-01,16726.0,17479.0,12933.0,50110.0,52945.0,40187.0,418.0,440.0,373.0,8030.0,9748.0,8207.0,8278.0,7290.666666666667,4352.428571428572
2021-01-02,15002.0,16576.0,13425.0,46913.0,50823.0,41487.0,288.0,381.0,379.0,10003.0,10036.0,8359.0,4711.0,6159.666666666667,4687.714285714285
2021-01-03,11859.0,14529.0,13762.0,36622.0,44548.0,42505.0,402.0,369.0,406.0,5975.0,8003.0,8401.0,5482.0,6157.0,4955.428571428572
2021-01-04,12601.0,13154.0,14497.0,37419.0,40318.0,44464.0,434.0,375.0,420.0,7894.0,7957.0,8804.0,4273.0,4822.0,5273.142857142857
2021-01-05,14410.0,12957.0,15187.0,47875.0,40639.0,46809.0,513.0,450.0,422.0,9306.0,7725.0,8918.0,4591.0,4782.0,5847.0
2021-01-06,21832.0,16281.0,15776.0,70060.0,51785.0,49207.0,844.0,597.0,476.0,8360.0,8520.0,8806.0,12628.0,7164.0,6493.285714285715
2021-01-07,20999.0,19080.0,16204.0,69271.0,62402.0,51181.0,441.0,599.0,477.0,8977.0,8881.0,8364.0,11581.0,9600.0,7363.428571428572
2021-01-08,21980.0,21604.0,16955.0,76202.0,71844.0,54909.0,616.0,634.0,505.0,9703.0,9013.0,8603.0,11661.0,11956.666666666666,7846.714285714285
2021-01-09,21606.0,21528.0,17898.0,77167.0,74213.0,59231.0,399.0,485.0,521.0,8793.0,9158.0,8430.0,12414.0,11885.333333333334,8947.142857142857
2021-01-10,17421.0,20336.0,18693.0,63046.0,72138.0,63006.0,339.0,451.0,512.0,9656.0,9384.0,8956.0,7426.0,10500.333333333334,9224.857142857143
2021-01-11,15046.0,18024.0,19042.0,52496.0,64236.0,65160.0,416.0,385.0,510.0,6897.0,8449.0,8813.0,7733.0,9191.0,9719.142857142857
2021-01-12,13105.0,15191.0,18856.0,50671.0,55404.0,65559.0,755.0,503.0,544.0,45858.0,20804.0,14035.0,-33508.0,-6116.333333333333,4276.428571428572
2021-01-13,18555.0,15569.0,18387.0,71681.0,58283.0,65791.0,806.0,659.0,539.0,11807.0,21521.0,14527.0,5942.0,-6611.0,3321.285714285714
2021-01-14,18503.0,16721.0,18031.0,74830.0,65727.0,66585.0,712.0,758.0,578.0,18810.0,25492.0,15932.0,-1019.0,-9528.333333333334,1521.2857142857142
2021-01-15,14880.0,17313.0,17017.0,65209.0,70573.0,65014.0,615.0,711.0,577.0,12950.0,14522.0,16396.0,1315.0,2079.3333333333335,43.285714285714285
2021-01-16,13973.0,15785.0,15926.0,59994.0,66678.0,62561.0,384.0,570.0,575.0,21288.0,17683.0,18181.0,-7699.0,-2467.6666666666665,-2830.0
2021-01-17,12267.0,13707.0,15190.0,54696.0,59966.0,61368.0,254.0,418.0,563.0,14463.0,16234.0,18868.0,-2450.0,-2944.6666666666665,-4240.857142857143
2021-01-18,9010.0,11750.0,14328.0,39901.0,51530.0,59569.0,344.0,327.0,553.0,19011.0,18254.0,20598.0,-10345.0,-6831.333333333333,-6823.428571428572
2021-01-19,9780.0,10352.0,13853.0,46648.0,47082.0,58994.0,839.0,479.0,565.0,27405.0,20293.0,17962.0,-18464.0,-10419.666666666666,-4674.285714285715
2021-01-20,12710.0,10500.0,13018.0,62054.0,49534.0,57619.0,566.0,583.0,531.0,15555.0,20657.0,18497.0,-3411.0,-10740.0,-6010.428571428572
2021-01-22,23142.0,15211.0,13680.0,120791.0,76498.0,64185.0,1222.0,876.0,603.0,40872.0,27944.0,21649.0,-18952.0,-13609.0,-8572.285714285714
2021-01-23,12271.0,16041.0,13308.0,64143.0,82329.0,64032.0,498.0,762.0,587.0,16208.0,24212.0,22115.0,-4435.0,-8932.666666666666,-9393.714285714286
2021-01-24,8147.0,14520.0,12475.0,46119.0,77018.0,62050.0,300.0,673.0,575.0,13028.0,23369.0,20935.0,-5181.0,-9522.666666666666,-9034.0
2021-01-25,4551.0,8323.0,11373.0,26113.0,45458.0,57967.0,243.0,347.0,573.0,10901.0,13379.0,20426.0,-6593.0,-5403.0,-9625.857142857143
2021-01-26,6041.0,6246.0,10949.0,39529.0,37254.0,57914.0,680.0,408.0,621.0,13253.0,12394.0,19603.0,-7892.0,-6555.333333333333,-9275.42857142857
2021-01-27,7070.0,5887.0,10562.0,49065.0,38236.0,58259.0,753.0,559.0,609.0,8802.0,10985.0,16946.0,-2485.0,-5656.666666666667,-6992.714285714285
2021-01-28,7150.0,6754.0,9767.0,48406.0,45667.0,56309.0,555.0,663.0,607.0,8721.0,10259.0,15969.0,-2126.0,-4167.666666666667,-6809.142857142857
2021-01-29,6141.0,6787.0,7339.0,47345.0,48272.0,45817.0,528.0,612.0,508.0,12584.0,10036.0,11928.0,-6971.0,-3860.6666666666665,-5097.571428571428
2021-01-30,5297.0,6196.0,6342.0,41540.0,45764.0,42588.0,318.0,467.0,482.0,8140.0,9815.0,10776.0,-3161.0,-4086.0,-4915.571428571428
2021-01-31,4525.0,5321.0,5825.0,34076.0,40987.0,40868.0,213.0,353.0,470.0,6699.0,9141.0,9871.0,-2387.0,-4173.0,-4516.428571428572
2021-02-01,2548.0,4123.0,5539.0,21549.0,32388.0,40216.0,235.0,255.0,469.0,6402.0,7080.0,9229.0,-4089.0,-3212.3333333333335,-4158.714285714285
2021-02-02,2649.0,3241.0,5054.0,28942.0,28189.0,38703.0,547.0,332.0,450.0,12482.0,8528.0,9119.0,-10380.0,-5618.666666666667,-4514.142857142857
2021-02-03,4058.0,3085.0,4624.0,39596.0,30029.0,37351.0,398.0,393.0,399.0,5176.0,8020.0,8601.0,-1516.0,-5328.333333333333,-4375.714285714285
2021-02-04,3751.0,3486.0,4138.0,31032.0,33190.0,34869.0,261.0,402.0,357.0,3506.0,7055.0,7856.0,-16.0,-3970.6666666666665,-4074.285714285714
2021-02-05,3749.0,3853.0,3797.0,36250.0,35626.0,33284.0,297.0,319.0,324.0,8432.0,5705.0,7262.0,-4980.0,-2170.6666666666665,-3789.8571428571427
2021-02-06,3184.0,3561.0,3495.0,33187.0,33490.0,32090.0,278.0,279.0,318.0,4879.0,5606.0,6797.0,-1973.0,-2323.0,-3620.1428571428573
2021-02-07,2435.0,3123.0,3196.0,26055.0,31831.0,30944.0,110.0,228.0,304.0,19707.0,11006.0,8655.0,-17382.0,-8111.666666666667,-5762.285714285715
2021-02-08,1376.0,2332.0,3029.0,15599.0,24947.0,30094.0,183.0,190.0,296.0,3743.0,9443.0,8275.0,-2550.0,-7301.666666666667,-5542.428571428572
